"Bib","Firstname","Surname","NameFormatted","Gender","Nation","Club","Team","ClubTeamFormatted","Chips","EventName","ClassName","GroupdName","RaceName","PointName","PointNumber","Lap","Status","Communique","Penalty","PassingTime","AccumulatedTime","TimeFormatted","NetTime","NetTimeFormatted","TimeSmoothed","TimeSmoothedFormatted","LapTime","LapTimeFormatted","LapNetTime","LapNetTimeFormatted","LapTimeSmoothed","RankTotal","DiffTimeTotal","DiffTimeTotalFormatted","DiffRoundsTotal","RankClass","DiffTimeClass","DiffTimeClassFormatted","DiffRoundsClass","RankGender","DiffTimeGender","DiffTimeGenderFormatted","DiffRoundsGender","Starttime","StarttimeFormatted","Wavestart","WavestartFormatted","IOC Code","SplitTime","SplitRankTotal","SplitRankGender","SplitRankClass","TrendTotal","TrendGender","TrendClass","Region","Points","SplitKm","SplitSpeed","RoleKm", "RoleFinish","SplitTotalSpeed","SplitTotalTempo","SplitFormatted","SplitTempo","ISO2Lower","ValidationTime","ValidationTimeFormatted","Class isRanked","ClassGender", "ClassAgeFrom","ClassAgeTo","UCI Code","FIS Code","ContestantTeamId","ContestantTeamShortName","ContestantTeamName","ContestantTeamLeader","RegionID","RegionShortName"
717,"Anton","Gustafsson","Anton Gustafsson","M","SE","","","",";","Gotaleden Stafett & Ultra","Män","Ultra 75 km","Ultra 75 km","Mål",20,1,"TIME","","","2026-05-09T12:24:01.3300000",19441400,"5:24:02",19441400,"5:24:02",19441400,"2026-05-09T12:24:01.3300000",19441400,"5:24:02",19441400,"5:24:02",19441400,1,0,"0:00",0,1,0,"0:00",0,1,0,"0:00",0,"2026-05-09T07:00:00.000000","07:00:00","","","SWE",48000,4,4,4,0,0,0,"",0.000,0.200,15,78.000,1,14.44,4.154,"0:48",4.000,"se",0,"",1,"m",17,99,"","",0,"","","",0,""
610,"Anton","Aro","Anton Aro","M","FI","","","",";","Gotaleden Stafett & Ultra","Män","Ultra 75 km","Ultra 75 km","Mål",20,1,"TIME","","","2026-05-09T13:00:09.4900000",21609500,"6:00:10",21609500,"6:00:10",21609500,"2026-05-09T13:00:09.4900000",21609500,"6:00:10",21609500,"6:00:10",21609500,2,2168000,"36:08",0,2,2168000,"36:08",0,2,2168000,"36:08",0,"2026-05-09T07:00:00.000000","07:00:00","","","FIN",50000,8,8,8,0,0,0,"",0.000,0.200,14.4,78.000,1,12.99,4.617,"0:50",4.167,"fi",0,"",1,"m",17,99,"","",0,"","","",0,""
641,"Daniel","Branholm","Daniel Branholm","M","SE","","","",";","Gotaleden Stafett & Ultra","Män","Ultra 75 km","Ultra 75 km","Mål",20,1,"TIME","","","2026-05-09T13:20:33.2400000",22833300,"6:20:34",22833300,"6:20:34",22833300,"2026-05-09T13:20:33.2400000",22833300,"6:20:34",22833300,"6:20:34",22833300,3,3392000,"56:32",0,3,3392000,"56:32",0,3,3392000,"56:32",0,"2026-05-09T07:00:00.000000","07:00:00","","","SWE",57000,16,14,14,0,0,0,"",0.000,0.200,12.63,78.000,1,12.30,4.879,"0:57",4.750,"se",0,"",1,"m",17,99,"","",0,"","","",0,""
561,"Vidar","Skaar","Vidar Skaar","M","NO","","","",";","Gotaleden Stafett & Ultra","Män","Ultra 75 km","Ultra 75 km","Mål",20,1,"TIME","","","2026-05-09T13:56:03.9400000",24964000,"6:56:04",24964000,"6:56:04",24964000,"2026-05-09T13:56:03.9400000",24964000,"6:56:04",24964000,"6:56:04",24964000,4,5523000,"1:32:03",0,4,5523000,"1:32:03",0,4,5523000,"1:32:03",0,"2026-05-09T07:00:00.000000","07:00:00","","","NOR",61000,34,28,28,0,0,0,"",0.000,0.200,11.80,78.000,1,11.25,5.334,"1:01",5.083,"no",0,"",1,"m",17,99,"","",0,"","","",0,""
712,"Karl","Trygg","Karl Trygg","M","SE","","","",";","Gotaleden Stafett & Ultra","Män","Ultra 75 km","Ultra 75 km","Mål",20,1,"TIME","","","2026-05-09T14:13:55.0800000",26035100,"7:13:56",26035100,"7:13:56",26035100,"2026-05-09T14:13:55.0800000",26035100,"7:13:56",26035100,"7:13:56",26035100,5,6594000,"1:49:54",0,5,6594000,"1:49:54",0,5,6594000,"1:49:54",0,"2026-05-09T07:00:00.000000","07:00:00","","","SWE",57000,16,14,14,1,0,0,"",0.000,0.200,12.63,78.000,1,10.79,5.563,"0:57",4.750,"se",0,"",1,"m",17,99,"","",0,"","","",0,""
785,"Madeleine","Lundell","Madeleine Lundell","F","SE","","","",";","Gotaleden Stafett & Ultra","Kvinnor","Ultra 75 km","Ultra 75 km","Mål",20,1,"TIME","","","2026-05-09T14:13:55.1900000",26035200,"7:13:56",26035200,"7:13:56",26035200,"2026-05-09T14:13:55.1900000",26035200,"7:13:56",26035200,"7:13:56",26035200,6,6594000,"1:49:54",0,1,0,"0:00",0,1,0,"0:00",0,"2026-05-09T07:00:00.000000","07:00:00","","","SWE",57000,16,3,3,-1,0,0,"",0.000,0.200,12.63,78.000,1,10.79,5.563,"0:57",4.750,"se",0,"",1,"f",17,99,"","",0,"","","",0,""
647,"Adam","Bengtsson","Adam Bengtsson","M","SE","","","",";","Gotaleden Stafett & Ultra","Män","Ultra 75 km","Ultra 75 km","Mål",20,1,"TIME","","","2026-05-09T14:20:03.6300000",26403700,"7:20:04",26403700,"7:20:04",26403700,"2026-05-09T14:20:03.6300000",26403700,"7:20:04",26403700,"7:20:04",26403700,7,6962000,"1:56:02",0,6,6962000,"1:56:02",0,6,6962000,"1:56:02",0,"2026-05-09T07:00:00.000000","07:00:00","","","SWE",51000,11,11,11,0,0,0,"",0.000,0.200,14.12,78.000,1,10.64,5.642,"0:51",4.250,"se",0,"",1,"m",17,99,"","",0,"","","",0,""
757,"Emil","Svendsen","Emil Svendsen","M","SE","","","",";","Gotaleden Stafett & Ultra","Män","Ultra 75 km","Ultra 75 km","Mål",20,1,"TIME","","","2026-05-09T14:21:23.2800000",26483300,"7:21:24",26483300,"7:21:24",26483300,"2026-05-09T14:21:23.2800000",26483300,"7:21:24",26483300,"7:21:24",26483300,8,7042000,"1:57:22",0,7,7042000,"1:57:22",0,7,7042000,"1:57:22",0,"2026-05-09T07:00:00.000000","07:00:00","","","SWE",63000,43,37,37,0,0,0,"",0.000,0.200,11.43,78.000,1,10.60,5.659,"1:03",5.250,"se",0,"",1,"m",17,99,"","",0,"","","",0,""
568,"Tobias","Hallberg","Tobias Hallberg","M","SE","","","",";","Gotaleden Stafett & Ultra","Män","Ultra 75 km","Ultra 75 km","Mål",20,1,"TIME","","","2026-05-09T14:25:43.1100000",26743200,"7:25:44",26743200,"7:25:44",26743200,"2026-05-09T14:25:43.1100000",26743200,"7:25:44",26743200,"7:25:44",26743200,9,7302000,"2:01:42",0,8,7302000,"2:01:42",0,8,7302000,"2:01:42",0,"2026-05-09T07:00:00.000000","07:00:00","","","SWE",63000,43,37,37,0,0,0,"",0.000,0.200,11.43,78.000,1,10.50,5.714,"1:03",5.250,"se",0,"",1,"m",17,99,"","",0,"","","",0,""
512,"Oskar","Fridell","Oskar Fridell","M","SE","","","",";","Gotaleden Stafett & Ultra","Män","Ultra 75 km","Ultra 75 km","Mål",20,1,"TIME","","","2026-05-09T14:29:32.1000000",26972100,"7:29:33",26972100,"7:29:33",26972100,"2026-05-09T14:29:32.1000000",26972100,"7:29:33",26972100,"7:29:33",26972100,10,7531000,"2:05:31",0,9,7531000,"2:05:31",0,9,7531000,"2:05:31",0,"2026-05-09T07:00:00.000000","07:00:00","","","SWE",45000,2,2,2,0,0,0,"",0.000,0.200,16.00,78.000,1,10.41,5.763,"0:45",3.750,"se",0,"",1,"m",17,99,"","",0,"","","",0,""
773,"Henrik","Larsvik","Henrik Larsvik","M","SE","","","",";","Gotaleden Stafett & Ultra","Män","Ultra 75 km","Ultra 75 km","Mål",20,1,"TIME","","","2026-05-09T14:37:27.0700000",27447100,"7:37:28",27447100,"7:37:28",27447100,"2026-05-09T14:37:27.0700000",27447100,"7:37:28",27447100,"7:37:28",27447100,11,8006000,"2:13:26",0,10,8006000,"2:13:26",0,10,8006000,"2:13:26",0,"2026-05-09T07:00:00.000000","07:00:00","","","SWE",49000,7,7,7,0,0,0,"",0.000,0.200,14.69,78.000,1,10.23,5.865,"0:49",4.083,"se",0,"",1,"m",17,99,"","",0,"","","",0,""
777,"Camilla","Bloss","Camilla Bloss","F","SE","","","",";","Gotaleden Stafett & Ultra","Kvinnor","Ultra 75 km","Ultra 75 km","Mål",20,1,"TIME","","","2026-05-09T14:40:51.3500000",27651400,"7:40:52",27651400,"7:40:52",27651400,"2026-05-09T14:40:51.3500000",27651400,"7:40:52",27651400,"7:40:52",27651400,12,8210000,"2:16:50",0,2,1616000,"26:56",0,2,1616000,"26:56",0,"2026-05-09T07:00:00.000000","07:00:00","","","SWE",58000,19,4,4,0,0,0,"",0.000,0.200,12.41,78.000,1,10.16,5.908,"0:58",4.833,"se",0,"",1,"f",17,99,"","",0,"","","",0,""
784,"Viktor","Thun","Viktor Thun","M","SE","","","",";","Gotaleden Stafett & Ultra","Män","Ultra 75 km","Ultra 75 km","Mål",20,1,"TIME","","","2026-05-09T14:42:56.8600000",27776900,"7:42:57",27776900,"7:42:57",27776900,"2026-05-09T14:42:56.8600000",27776900,"7:42:57",27776900,"7:42:57",27776900,13,8335000,"2:18:55",0,11,8335000,"2:18:55",0,11,8335000,"2:18:55",0,"2026-05-09T07:00:00.000000","07:00:00","","","SWE",71000,88,68,68,0,0,0,"",0.000,0.200,10.14,78.000,1,10.11,5.935,"1:11",5.917,"se",0,"",1,"m",17,99,"","",0,"","","",0,""
528,"Sebastian","Axell","Sebastian Axell","M","SE","","","",";","Gotaleden Stafett & Ultra","Män","Ultra 75 km","Ultra 75 km","Mål",20,1,"TIME","","","2026-05-09T14:44:05.0700000",27845100,"7:44:06",27845100,"7:44:06",27845100,"2026-05-09T14:44:05.0700000",27845100,"7:44:06",27845100,"7:44:06",27845100,14,8404000,"2:20:04",0,12,8404000,"2:20:04",0,12,8404000,"2:20:04",0,"2026-05-09T07:00:00.000000","07:00:00","","","SWE",60000,28,24,24,0,0,0,"",0.000,0.200,12,78.000,1,10.08,5.950,"1:00",5.000,"se",0,"",1,"m",17,99,"","",0,"","","",0,""
645,"Erik","Müllers","Erik Müllers","M","SE","","","",";","Gotaleden Stafett & Ultra","Män","Ultra 75 km","Ultra 75 km","Mål",20,1,"TIME","","","2026-05-09T14:47:31.0300000",28051100,"7:47:32",28051100,"7:47:32",28051100,"2026-05-09T14:47:31.0300000",28051100,"7:47:32",28051100,"7:47:32",28051100,15,8610000,"2:23:30",0,13,8610000,"2:23:30",0,13,8610000,"2:23:30",0,"2026-05-09T07:00:00.000000","07:00:00","","","SWE",73000,113,86,86,0,0,0,"",0.000,0.200,9.86,78.000,1,10.01,5.994,"1:13",6.083,"se",0,"",1,"m",17,99,"","",0,"","","",0,""
581,"Matthew","Stiller","Matthew Stiller","M","GB","","","",";","Gotaleden Stafett & Ultra","Män","Ultra 75 km","Ultra 75 km","Mål",20,1,"TIME","","","2026-05-09T14:49:49.8600000",28189900,"7:49:50",28189900,"7:49:50",28189900,"2026-05-09T14:49:49.8600000",28189900,"7:49:50",28189900,"7:49:50",28189900,16,8748000,"2:25:48",0,14,8748000,"2:25:48",0,14,8748000,"2:25:48",0,"2026-05-09T07:00:00.000000","07:00:00","","","GBR",60000,28,24,24,0,0,0,"",0.000,0.200,12,78.000,1,9.96,6.023,"1:00",5.000,"gb",0,"",1,"m",17,99,"","",0,"","","",0,""
759,"Anders","Hallgren","Anders Hallgren","M","SE","","","",";","Gotaleden Stafett & Ultra","Män","Ultra 75 km","Ultra 75 km","Mål",20,1,"TIME","","","2026-05-09T15:06:56.4700000",29216500,"8:06:57",29216500,"8:06:57",29216500,"2026-05-09T15:06:56.4700000",29216500,"8:06:57",29216500,"8:06:57",29216500,17,9775000,"2:42:55",0,15,9775000,"2:42:55",0,15,9775000,"2:42:55",0,"2026-05-09T07:00:00.000000","07:00:00","","","SWE",59000,26,22,22,0,0,0,"",0.000,0.200,12.20,78.000,1,9.61,6.243,"0:59",4.917,"se",0,"",1,"m",17,99,"","",0,"","","",0,""
509,"Björn","Johannesson","Björn Johannesson","M","SE","","","",";","Gotaleden Stafett & Ultra","Män","Ultra 75 km","Ultra 75 km","Mål",20,1,"TIME","","","2026-05-09T15:07:41.8300000",29261900,"8:07:42",29261900,"8:07:42",29261900,"2026-05-09T15:07:41.8300000",29261900,"8:07:42",29261900,"8:07:42",29261900,18,9820000,"2:43:40",0,16,9820000,"2:43:40",0,16,9820000,"2:43:40",0,"2026-05-09T07:00:00.000000","07:00:00","","","SWE",65000,52,45,45,0,0,0,"",0.000,0.200,11.08,78.000,1,9.60,6.252,"1:05",5.417,"se",0,"",1,"m",17,99,"","",0,"","","",0,""
694,"Dimitri","Montagne","Dimitri Montagne","M","SE","","","",";","Gotaleden Stafett & Ultra","Män","Ultra 75 km","Ultra 75 km","Mål",20,1,"TIME","","","2026-05-09T15:08:25.4900000",29305500,"8:08:26",29305500,"8:08:26",29305500,"2026-05-09T15:08:25.4900000",29305500,"8:08:26",29305500,"8:08:26",29305500,19,9864000,"2:44:24",0,17,9864000,"2:44:24",0,17,9864000,"2:44:24",0,"2026-05-09T07:00:00.000000","07:00:00","","","SWE",64000,49,42,42,0,0,0,"",0.000,0.200,11.25,78.000,1,9.58,6.262,"1:04",5.333,"se",0,"",1,"m",17,99,"","",0,"","","",0,""
596,"Julius","Hansen","Julius Hansen","M","DE","","","",";","Gotaleden Stafett & Ultra","Män","Ultra 75 km","Ultra 75 km","Mål",20,1,"TIME","","","2026-05-09T15:08:52.8700000",29332900,"8:08:53",29332900,"8:08:53",29332900,"2026-05-09T15:08:52.8700000",29332900,"8:08:53",29332900,"8:08:53",29332900,20,9891000,"2:44:51",0,18,9891000,"2:44:51",0,18,9891000,"2:44:51",0,"2026-05-09T07:00:00.000000","07:00:00","","","GER",61000,34,28,28,0,0,0,"",0.000,0.200,11.80,78.000,1,9.57,6.268,"1:01",5.083,"de",0,"",1,"m",17,99,"","",0,"","","",0,""
607,"Mervi","Heiskanen","Mervi Heiskanen","F","SE","","","",";","Gotaleden Stafett & Ultra","Kvinnor","Ultra 75 km","Ultra 75 km","Mål",20,1,"TIME","","","2026-05-09T15:10:30.3300000",29430400,"8:10:31",29430400,"8:10:31",29430400,"2026-05-09T15:10:30.3300000",29430400,"8:10:31",29430400,"8:10:31",29430400,21,9989000,"2:46:29",0,3,3395000,"56:35",0,3,3395000,"56:35",0,"2026-05-09T07:00:00.000000","07:00:00","","","SWE",63000,43,7,7,0,0,0,"",0.000,0.200,11.43,78.000,1,9.54,6.289,"1:03",5.250,"se",0,"",1,"f",17,99,"","",0,"","","",0,""
592,"Emma","Samuelsson","Emma Samuelsson","F","SE","","","",";","Gotaleden Stafett & Ultra","Kvinnor","Ultra 75 km","Ultra 75 km","Mål",20,1,"TIME","","","2026-05-09T15:10:48.1200000",29448200,"8:10:49",29448200,"8:10:49",29448200,"2026-05-09T15:10:48.1200000",29448200,"8:10:49",29448200,"8:10:49",29448200,22,10007000,"2:46:47",0,4,3413000,"56:53",0,4,3413000,"56:53",0,"2026-05-09T07:00:00.000000","07:00:00","","","SWE",56000,15,2,2,0,0,0,"",0.000,0.200,12.86,78.000,1,9.54,6.292,"0:56",4.667,"se",0,"",1,"f",17,99,"","",0,"","","",0,""
737,"Patric","Engström","Patric Engström","M","SE","","","",";","Gotaleden Stafett & Ultra","Män","Ultra 75 km","Ultra 75 km","Mål",20,1,"TIME","","","2026-05-09T15:12:27.4700000",29547500,"8:12:28",29547500,"8:12:28",29547500,"2026-05-09T15:12:27.4700000",29547500,"8:12:28",29547500,"8:12:28",29547500,23,10106000,"2:48:26",0,19,10106000,"2:48:26",0,19,10106000,"2:48:26",0,"2026-05-09T07:00:00.000000","07:00:00","","","SWE",70000,80,64,64,0,0,0,"",0.000,0.200,10.29,78.000,1,9.50,6.314,"1:10",5.833,"se",0,"",1,"m",17,99,"","",0,"","","",0,""
629,"Johan","Dahlgren","Johan Dahlgren","M","SE","","","",";","Gotaleden Stafett & Ultra","Män","Ultra 75 km","Ultra 75 km","Mål",20,1,"TIME","","","2026-05-09T15:15:26.8600000",29726900,"8:15:27",29726900,"8:15:27",29726900,"2026-05-09T15:15:26.8600000",29726900,"8:15:27",29726900,"8:15:27",29726900,24,10285000,"2:51:25",0,20,10285000,"2:51:25",0,20,10285000,"2:51:25",0,"2026-05-09T07:00:00.000000","07:00:00","","","SWE",63000,43,37,37,0,0,0,"",0.000,0.200,11.43,78.000,1,9.45,6.352,"1:03",5.250,"se",0,"",1,"m",17,99,"","",0,"","","",0,""
659,"Annie","Hammarling","Annie Hammarling","F","SE","","","",";","Gotaleden Stafett & Ultra","Kvinnor","Ultra 75 km","Ultra 75 km","Mål",20,1,"TIME","","","2026-05-09T15:16:04.5100000",29764600,"8:16:05",29764600,"8:16:05",29764600,"2026-05-09T15:16:04.5100000",29764600,"8:16:05",29764600,"8:16:05",29764600,25,10323000,"2:52:03",0,5,3729000,"1:02:09",0,5,3729000,"1:02:09",0,"2026-05-09T07:00:00.000000","07:00:00","","","SWE",54000,14,1,1,0,0,0,"",0.000,0.200,13.33,78.000,1,9.43,6.360,"0:54",4.500,"se",0,"",1,"f",17,99,"","",0,"","","",0,""
622,"Björn","Dahlgren","Björn Dahlgren","M","SE","","","",";","Gotaleden Stafett & Ultra","Män","Ultra 75 km","Ultra 75 km","Mål",20,1,"TIME","","","2026-05-09T15:21:44.5600000",30104600,"8:21:45",30104600,"8:21:45",30104600,"2026-05-09T15:21:44.5600000",30104600,"8:21:45",30104600,"8:21:45",30104600,26,10663000,"2:57:43",0,21,10663000,"2:57:43",0,21,10663000,"2:57:43",0,"2026-05-09T07:00:00.000000","07:00:00","","","SWE",60000,28,24,24,0,0,0,"",0.000,0.200,12,78.000,1,9.33,6.433,"1:00",5.000,"se",0,"",1,"m",17,99,"","",0,"","","",0,""
711,"Simon","Hammarstedt","Simon Hammarstedt","M","SE","","","",";","Gotaleden Stafett & Ultra","Män","Ultra 75 km","Ultra 75 km","Mål",20,1,"TIME","","","2026-05-09T15:22:47.9900000",30168000,"8:22:48",30168000,"8:22:48",30168000,"2026-05-09T15:22:47.9900000",30168000,"8:22:48",30168000,"8:22:48",30168000,27,10727000,"2:58:47",0,22,10727000,"2:58:47",0,22,10727000,"2:58:47",0,"2026-05-09T07:00:00.000000","07:00:00","","","SWE",67000,59,49,49,0,0,0,"",0.000,0.200,10.75,78.000,1,9.31,6.446,"1:07",5.583,"se",0,"",1,"m",17,99,"","",0,"","","",0,""
658,"Martin","Ahlén","Martin Ahlén","M","SE","","","",";","Gotaleden Stafett & Ultra","Män","Ultra 75 km","Ultra 75 km","Mål",20,1,"TIME","","","2026-05-09T15:27:21.7700000",30441800,"8:27:22",30441800,"8:27:22",30441800,"2026-05-09T15:27:21.7700000",30441800,"8:27:22",30441800,"8:27:22",30441800,28,11000000,"3:03:20",0,23,11000000,"3:03:20",0,23,11000000,"3:03:20",0,"2026-05-09T07:00:00.000000","07:00:00","","","SWE",64000,49,42,42,0,0,0,"",0.000,0.200,11.25,78.000,1,9.22,6.505,"1:04",5.333,"se",0,"",1,"m",17,99,"","",0,"","","",0,""
577,"Morten","Gilje","Morten Gilje","M","NO","","","",";","Gotaleden Stafett & Ultra","Män","Ultra 75 km","Ultra 75 km","Mål",20,1,"TIME","","","2026-05-09T15:27:40.8800000",30460900,"8:27:41",30460900,"8:27:41",30460900,"2026-05-09T15:27:40.8800000",30460900,"8:27:41",30460900,"8:27:41",30460900,29,11019000,"3:03:39",0,24,11019000,"3:03:39",0,24,11019000,"3:03:39",0,"2026-05-09T07:00:00.000000","07:00:00","","","NOR",58000,19,16,16,0,0,0,"",0.000,0.200,12.41,78.000,1,9.22,6.509,"0:58",4.833,"no",0,"",1,"m",17,99,"","",0,"","","",0,""
769,"Sofia","Mattiasson","Sofia Mattiasson","F","SE","","","",";","Gotaleden Stafett & Ultra","Kvinnor","Ultra 75 km","Ultra 75 km","Mål",20,1,"TIME","","","2026-05-09T15:29:06.8400000",30546900,"8:29:07",30546900,"8:29:07",30546900,"2026-05-09T15:29:06.8400000",30546900,"8:29:07",30546900,"8:29:07",30546900,30,11105000,"3:05:05",0,6,4511000,"1:15:11",0,6,4511000,"1:15:11",0,"2026-05-09T07:00:00.000000","07:00:00","","","SWE",72000,99,24,24,0,0,0,"",0.000,0.200,10.00,78.000,1,9.19,6.527,"1:12",6.000,"se",0,"",1,"f",17,99,"","",0,"","","",0,""
571,"Jesper","Boberg","Jesper Boberg","M","SE","","","",";","Gotaleden Stafett & Ultra","Män","Ultra 75 km","Ultra 75 km","Mål",20,1,"TIME","","","2026-05-09T15:30:04.6500000",30604700,"8:30:05",30604700,"8:30:05",30604700,"2026-05-09T15:30:04.6500000",30604700,"8:30:05",30604700,"8:30:05",30604700,31,11163000,"3:06:03",0,25,11163000,"3:06:03",0,25,11163000,"3:06:03",0,"2026-05-09T07:00:00.000000","07:00:00","","","SWE",53000,13,13,13,0,0,0,"",0.000,0.200,13.58,78.000,1,9.18,6.539,"0:53",4.417,"se",0,"",1,"m",17,99,"","",0,"","","",0,""
564,"Viktor","Tyrberg","Viktor Tyrberg","M","SE","","","",";","Gotaleden Stafett & Ultra","Män","Ultra 75 km","Ultra 75 km","Mål",20,1,"TIME","","","2026-05-09T15:33:22.5300000",30802600,"8:33:23",30802600,"8:33:23",30802600,"2026-05-09T15:33:22.5300000",30802600,"8:33:23",30802600,"8:33:23",30802600,32,11361000,"3:09:21",0,26,11361000,"3:09:21",0,26,11361000,"3:09:21",0,"2026-05-09T07:00:00.000000","07:00:00","","","SWE",70000,80,64,64,0,0,0,"",0.000,0.200,10.29,78.000,1,9.12,6.582,"1:10",5.833,"se",0,"",1,"m",17,99,"","",0,"","","",0,""
753,"Sara","Ohlin","Sara Ohlin","F","SE","","","",";","Gotaleden Stafett & Ultra","Kvinnor","Ultra 75 km","Ultra 75 km","Mål",20,1,"TIME","","","2026-05-09T15:33:38.3900000",30818400,"8:33:39",30818400,"8:33:39",30818400,"2026-05-09T15:33:38.3900000",30818400,"8:33:39",30818400,"8:33:39",30818400,33,11377000,"3:09:37",0,7,4783000,"1:19:43",0,7,4783000,"1:19:43",0,"2026-05-09T07:00:00.000000","07:00:00","","","SWE",72000,99,24,24,0,0,0,"",0.000,0.200,10.00,78.000,1,9.11,6.585,"1:12",6.000,"se",0,"",1,"f",17,99,"","",0,"","","",0,""
745,"Daniel","Eliasson","Daniel Eliasson","M","SE","","","",";","Gotaleden Stafett & Ultra","Män","Ultra 75 km","Ultra 75 km","Mål",20,1,"TIME","","","2026-05-09T15:34:01.6200000",30841700,"8:34:02",30841700,"8:34:02",30841700,"2026-05-09T15:34:01.6200000",30841700,"8:34:02",30841700,"8:34:02",30841700,34,11400000,"3:10:00",0,27,11400000,"3:10:00",0,27,11400000,"3:10:00",0,"2026-05-09T07:00:00.000000","07:00:00","","","SWE",47000,3,3,3,0,0,0,"",0.000,0.200,15.32,78.000,1,9.10,6.590,"0:47",3.917,"se",0,"",1,"m",17,99,"","",0,"","","",0,""
590,"Lukas","Strand Ragnhage","Lukas Strand Ragnhage","M","SE","","","",";","Gotaleden Stafett & Ultra","Män","Ultra 75 km","Ultra 75 km","Mål",20,1,"TIME","","","2026-05-09T15:35:01.6200000",30901700,"8:35:02",30901700,"8:35:02",30901700,"2026-05-09T15:35:01.6200000",30901700,"8:35:02",30901700,"8:35:02",30901700,35,11460000,"3:11:00",0,28,11460000,"3:11:00",0,28,11460000,"3:11:00",0,"2026-05-09T07:00:00.000000","07:00:00","","","SWE",70000,80,64,64,0,0,0,"",0.000,0.200,10.29,78.000,1,9.09,6.603,"1:10",5.833,"se",0,"",1,"m",17,99,"","",0,"","","",0,""
690,"Hampus","Fredlund","Hampus Fredlund","M","SE","","","",";","Gotaleden Stafett & Ultra","Män","Ultra 75 km","Ultra 75 km","Mål",20,1,"TIME","","","2026-05-09T15:36:21.8700000",30981900,"8:36:22",30981900,"8:36:22",30981900,"2026-05-09T15:36:21.8700000",30981900,"8:36:22",30981900,"8:36:22",30981900,36,11540000,"3:12:20",0,29,11540000,"3:12:20",0,29,11540000,"3:12:20",0,"2026-05-09T07:00:00.000000","07:00:00","","","SWE",48000,4,4,4,0,0,0,"",0.000,0.200,15,78.000,1,9.06,6.620,"0:48",4.000,"se",0,"",1,"m",17,99,"","",0,"","","",0,""
646,"Marcin","Janiszewski","Marcin Janiszewski","M","SE","","","",";","Gotaleden Stafett & Ultra","Män","Ultra 75 km","Ultra 75 km","Mål",20,1,"TIME","","","2026-05-09T15:36:52.0200000",31012100,"8:36:53",31012100,"8:36:53",31012100,"2026-05-09T15:36:52.0200000",31012100,"8:36:53",31012100,"8:36:53",31012100,37,11571000,"3:12:51",0,30,11571000,"3:12:51",0,30,11571000,"3:12:51",0,"2026-05-09T07:00:00.000000","07:00:00","","","SWE",65000,52,45,45,0,0,0,"",0.000,0.200,11.08,78.000,1,9.05,6.627,"1:05",5.417,"se",0,"",1,"m",17,99,"","",0,"","","",0,""
778,"Per","Bleckberg","Per Bleckberg","M","SE","","","",";","Gotaleden Stafett & Ultra","Män","Ultra 75 km","Ultra 75 km","Mål",20,1,"TIME","","","2026-05-09T15:37:19.2800000",31039300,"8:37:20",31039300,"8:37:20",31039300,"2026-05-09T15:37:19.2800000",31039300,"8:37:20",31039300,"8:37:20",31039300,38,11598000,"3:13:18",0,31,11598000,"3:13:18",0,31,11598000,"3:13:18",0,"2026-05-09T07:00:00.000000","07:00:00","","","SWE",68000,64,52,52,0,0,0,"",0.000,0.200,10.59,78.000,1,9.05,6.632,"1:08",5.667,"se",0,"",1,"m",17,99,"","",0,"","","",0,""
736,"Kristian","Hermander","Kristian Hermander","M","SE","","","",";","Gotaleden Stafett & Ultra","Män","Ultra 75 km","Ultra 75 km","Mål",20,1,"TIME","","","2026-05-09T15:38:34.0900000",31114100,"8:38:35",31114100,"8:38:35",31114100,"2026-05-09T15:38:34.0900000",31114100,"8:38:35",31114100,"8:38:35",31114100,39,11673000,"3:14:33",0,32,11673000,"3:14:33",0,32,11673000,"3:14:33",0,"2026-05-09T07:00:00.000000","07:00:00","","","SWE",69000,72,58,58,0,0,0,"",0.000,0.200,10.43,78.000,1,9.02,6.648,"1:09",5.750,"se",0,"",1,"m",17,99,"","",0,"","","",0,""
594,"Simon","Lindau","Simon Lindau","M","SE","","","",";","Gotaleden Stafett & Ultra","Män","Ultra 75 km","Ultra 75 km","Mål",20,1,"TIME","","","2026-05-09T15:39:18.8400000",31158900,"8:39:19",31158900,"8:39:19",31158900,"2026-05-09T15:39:18.8400000",31158900,"8:39:19",31158900,"8:39:19",31158900,40,11717000,"3:15:17",0,33,11717000,"3:15:17",0,33,11717000,"3:15:17",0,"2026-05-09T07:00:00.000000","07:00:00","","","SWE",59000,26,22,22,0,0,0,"",0.000,0.200,12.20,78.000,1,9.01,6.658,"0:59",4.917,"se",0,"",1,"m",17,99,"","",0,"","","",0,""
680,"Mattias","Edlund","Mattias Edlund","M","SE","","","",";","Gotaleden Stafett & Ultra","Män","Ultra 75 km","Ultra 75 km","Mål",20,1,"TIME","","","2026-05-09T15:39:56.7300000",31196800,"8:39:57",31196800,"8:39:57",31196800,"2026-05-09T15:39:56.7300000",31196800,"8:39:57",31196800,"8:39:57",31196800,41,11755000,"3:15:55",0,34,11755000,"3:15:55",0,34,11755000,"3:15:55",0,"2026-05-09T07:00:00.000000","07:00:00","","","SWE",74000,117,90,90,0,0,0,"",0.000,0.200,9.73,78.000,1,9.00,6.666,"1:14",6.167,"se",0,"",1,"m",17,99,"","",0,"","","",0,""
750,"Linda","Tersing","Linda Tersing","F","SE","","","",";","Gotaleden Stafett & Ultra","Kvinnor","Ultra 75 km","Ultra 75 km","Mål",20,1,"TIME","","","2026-05-09T15:41:52.0000000",31312000,"8:41:52",31312000,"8:41:52",31312000,"2026-05-09T15:41:52.0000000",31312000,"8:41:52",31312000,"8:41:52",31312000,42,11871000,"3:17:51",0,8,5277000,"1:27:57",0,8,5277000,"1:27:57",0,"2026-05-09T07:00:00.000000","07:00:00","","","SWE",71000,88,21,21,0,0,0,"",0.000,0.200,10.14,78.000,1,8.97,6.691,"1:11",5.917,"se",0,"",1,"f",17,99,"","",0,"","","",0,""
664,"Felix","Gnerlich","Felix Gnerlich","M","DE","","","",";","Gotaleden Stafett & Ultra","Män","Ultra 75 km","Ultra 75 km","Mål",20,1,"TIME","","","2026-05-09T15:44:10.8500000",31450900,"8:44:11",31450900,"8:44:11",31450900,"2026-05-09T15:44:10.8500000",31450900,"8:44:11",31450900,"8:44:11",31450900,43,12009000,"3:20:09",0,35,12009000,"3:20:09",0,35,12009000,"3:20:09",0,"2026-05-09T07:00:00.000000","07:00:00","","","GER",80000,152,121,121,0,0,0,"",0.000,0.200,9,78.000,1,8.93,6.720,"1:20",6.667,"de",0,"",1,"m",17,99,"","",0,"","","",0,""
551,"Åsa","Sundin","Åsa Sundin","F","SE","","","",";","Gotaleden Stafett & Ultra","Kvinnor","Ultra 75 km","Ultra 75 km","Mål",20,1,"TIME","","","2026-05-09T15:50:37.8700000",31837900,"8:50:38",31837900,"8:50:38",31837900,"2026-05-09T15:50:37.8700000",31837900,"8:50:38",31837900,"8:50:38",31837900,44,12396000,"3:26:36",0,9,5802000,"1:36:42",0,9,5802000,"1:36:42",0,"2026-05-09T07:00:00.000000","07:00:00","","","SWE",60000,28,5,5,0,0,0,"",0.000,0.200,12,78.000,1,8.82,6.803,"1:00",5.000,"se",0,"",1,"f",17,99,"","",0,"","","",0,""
744,"Sa?A","Petrli?","Sa?A Petrli?","M","HR","","","",";","Gotaleden Stafett & Ultra","Män","Ultra 75 km","Ultra 75 km","Mål",20,1,"TIME","","","2026-05-09T15:51:33.6600000",31893700,"8:51:34",31893700,"8:51:34",31893700,"2026-05-09T15:51:33.6600000",31893700,"8:51:34",31893700,"8:51:34",31893700,45,12452000,"3:27:32",0,36,12452000,"3:27:32",0,36,12452000,"3:27:32",0,"2026-05-09T07:00:00.000000","07:00:00","","","CRO",65000,52,45,45,0,0,0,"",0.000,0.200,11.08,78.000,1,8.80,6.815,"1:05",5.417,"hr",0,"",1,"m",17,99,"","",0,"","","",0,""
722,"David","Klingberg","David Klingberg","M","SE","","","",";","Gotaleden Stafett & Ultra","Män","Ultra 75 km","Ultra 75 km","Mål",20,1,"TIME","","","2026-05-09T15:55:14.6200000",32114700,"8:55:15",32114700,"8:55:15",32114700,"2026-05-09T15:55:14.6200000",32114700,"8:55:15",32114700,"8:55:15",32114700,46,12673000,"3:31:13",0,37,12673000,"3:31:13",0,37,12673000,"3:31:13",0,"2026-05-09T07:00:00.000000","07:00:00","","","SWE",63000,43,37,37,0,0,0,"",0.000,0.200,11.43,78.000,1,8.74,6.862,"1:03",5.250,"se",0,"",1,"m",17,99,"","",0,"","","",0,""
682,"Thomas","Stordalen","Thomas Stordalen","M","NO","","","",";","Gotaleden Stafett & Ultra","Män","Ultra 75 km","Ultra 75 km","Mål",20,1,"TIME","","","2026-05-09T15:55:35.4200000",32135500,"8:55:36",32135500,"8:55:36",32135500,"2026-05-09T15:55:35.4200000",32135500,"8:55:36",32135500,"8:55:36",32135500,47,12694000,"3:31:34",0,38,12694000,"3:31:34",0,38,12694000,"3:31:34",0,"2026-05-09T07:00:00.000000","07:00:00","","","NOR",75000,125,96,96,0,0,0,"",0.000,0.200,9.6,78.000,1,8.74,6.867,"1:15",6.250,"no",0,"",1,"m",17,99,"","",0,"","","",0,""
619,"Karin","Lundén","Karin Lundén","F","SE","","","",";","Gotaleden Stafett & Ultra","Kvinnor","Ultra 75 km","Ultra 75 km","Mål",20,1,"TIME","","","2026-05-09T15:57:24.8500000",32244900,"8:57:25",32244900,"8:57:25",32244900,"2026-05-09T15:57:24.8500000",32244900,"8:57:25",32244900,"8:57:25",32244900,48,12803000,"3:33:23",0,10,6209000,"1:43:29",0,10,6209000,"1:43:29",0,"2026-05-09T07:00:00.000000","07:00:00","","","SWE",97000,184,40,40,0,0,0,"",0.000,0.200,7.42,78.000,1,8.71,6.890,"1:37",8.083,"se",0,"",1,"f",17,99,"","",0,"","","",0,""
693,"Per","Junfors","Per Junfors","M","SE","","","",";","Gotaleden Stafett & Ultra","Män","Ultra 75 km","Ultra 75 km","Mål",20,1,"TIME","","","2026-05-09T15:58:05.4400000",32285500,"8:58:06",32285500,"8:58:06",32285500,"2026-05-09T15:58:05.4400000",32285500,"8:58:06",32285500,"8:58:06",32285500,49,12844000,"3:34:04",0,39,12844000,"3:34:04",0,39,12844000,"3:34:04",0,"2026-05-09T07:00:00.000000","07:00:00","","","SWE",61000,34,28,28,0,0,0,"",0.000,0.200,11.80,78.000,1,8.70,6.899,"1:01",5.083,"se",0,"",1,"m",17,99,"","",0,"","","",0,""
542,"Andreas","Tunemar","Andreas Tunemar","M","SE","","","",";","Gotaleden Stafett & Ultra","Män","Ultra 75 km","Ultra 75 km","Mål",20,1,"TIME","","","2026-05-09T16:02:59.2600000",32579300,"9:03:00",32579300,"9:03:00",32579300,"2026-05-09T16:02:59.2600000",32579300,"9:03:00",32579300,"9:03:00",32579300,50,13138000,"3:38:58",0,40,13138000,"3:38:58",0,40,13138000,"3:38:58",0,"2026-05-09T07:00:00.000000","07:00:00","","","SWE",69000,72,58,58,0,0,0,"",0.000,0.200,10.43,78.000,1,8.62,6.961,"1:09",5.750,"se",0,"",1,"m",17,99,"","",0,"","","",0,""
649,"Andreas","Dahlgren","Andreas Dahlgren","M","SE","","","",";","Gotaleden Stafett & Ultra","Män","Ultra 75 km","Ultra 75 km","Mål",20,1,"TIME","","","2026-05-09T16:04:24.1900000",32664200,"9:04:25",32664200,"9:04:25",32664200,"2026-05-09T16:04:24.1900000",32664200,"9:04:25",32664200,"9:04:25",32664200,51,13223000,"3:40:23",0,41,13223000,"3:40:23",0,41,13223000,"3:40:23",0,"2026-05-09T07:00:00.000000","07:00:00","","","SWE",72000,99,76,76,0,0,0,"",0.000,0.200,10.00,78.000,1,8.60,6.980,"1:12",6.000,"se",0,"",1,"m",17,99,"","",0,"","","",0,""
520,"Anton","Otbäck","Anton Otbäck","M","SE","","","",";","Gotaleden Stafett & Ultra","Män","Ultra 75 km","Ultra 75 km","Mål",20,1,"TIME","","","2026-05-09T16:04:24.5400000",32664600,"9:04:25",32664600,"9:04:25",32664600,"2026-05-09T16:04:24.5400000",32664600,"9:04:25",32664600,"9:04:25",32664600,52,13223000,"3:40:23",0,42,13223000,"3:40:23",0,42,13223000,"3:40:23",0,"2026-05-09T07:00:00.000000","07:00:00","","","SWE",71000,88,68,68,0,0,0,"",0.000,0.200,10.14,78.000,1,8.60,6.980,"1:11",5.917,"se",0,"",1,"m",17,99,"","",0,"","","",0,""
683,"Peter","Thorvaldsson","Peter Thorvaldsson","M","SE","","","",";","Gotaleden Stafett & Ultra","Män","Ultra 75 km","Ultra 75 km","Mål",20,1,"TIME","","","2026-05-09T16:04:31.8600000",32671900,"9:04:32",32671900,"9:04:32",32671900,"2026-05-09T16:04:31.8600000",32671900,"9:04:32",32671900,"9:04:32",32671900,53,13230000,"3:40:30",0,43,13230000,"3:40:30",0,43,13230000,"3:40:30",0,"2026-05-09T07:00:00.000000","07:00:00","","","SWE",72000,99,76,76,0,0,0,"",0.000,0.200,10.00,78.000,1,8.59,6.981,"1:12",6.000,"se",0,"",1,"m",17,99,"","",0,"","","",0,""
762,"Jonas","Svensson","Jonas Svensson","M","SE","","","",";","Gotaleden Stafett & Ultra","Män","Ultra 75 km","Ultra 75 km","Mål",20,1,"TIME","","","2026-05-09T16:04:56.9600000",32697000,"9:04:57",32697000,"9:04:57",32697000,"2026-05-09T16:04:56.9600000",32697000,"9:04:57",32697000,"9:04:57",32697000,54,13256000,"3:40:56",0,44,13256000,"3:40:56",0,44,13256000,"3:40:56",0,"2026-05-09T07:00:00.000000","07:00:00","","","SWE",43000,1,1,1,1,1,1,"",0.000,0.200,16.74,78.000,1,8.59,6.987,"0:43",3.583,"se",0,"",1,"m",17,99,"","",0,"","","",0,""
614,"Martin","Fridh","Martin Fridh","M","SE","","","",";","Gotaleden Stafett & Ultra","Män","Ultra 75 km","Ultra 75 km","Mål",20,1,"TIME","","","2026-05-09T16:04:59.4800000",32699500,"9:05:00",32699500,"9:05:00",32699500,"2026-05-09T16:04:59.4800000",32699500,"9:05:00",32699500,"9:05:00",32699500,55,13258000,"3:40:58",0,45,13258000,"3:40:58",0,45,13258000,"3:40:58",0,"2026-05-09T07:00:00.000000","07:00:00","","","SWE",69000,72,58,58,-1,-1,-1,"",0.000,0.200,10.43,78.000,1,8.59,6.987,"1:09",5.750,"se",0,"",1,"m",17,99,"","",0,"","","",0,""
562,"Håkan","Nisula","Håkan Nisula","M","SE","","","",";","Gotaleden Stafett & Ultra","Män","Ultra 75 km","Ultra 75 km","Mål",20,1,"TIME","","","2026-05-09T16:08:23.9800000",32904000,"9:08:24",32904000,"9:08:24",32904000,"2026-05-09T16:08:23.9800000",32904000,"9:08:24",32904000,"9:08:24",32904000,56,13463000,"3:44:23",0,46,13463000,"3:44:23",0,46,13463000,"3:44:23",0,"2026-05-09T07:00:00.000000","07:00:00","","","SWE",81000,157,125,125,0,0,0,"",0.000,0.200,8.89,78.000,1,8.53,7.031,"1:21",6.750,"se",0,"",1,"m",17,99,"","",0,"","","",0,""
660,"Martin","Sörberg","Martin Sörberg","M","SE","","","",";","Gotaleden Stafett & Ultra","Män","Ultra 75 km","Ultra 75 km","Mål",20,1,"TIME","","","2026-05-09T16:10:57.4200000",33057500,"9:10:58",33057500,"9:10:58",33057500,"2026-05-09T16:10:57.4200000",33057500,"9:10:58",33057500,"9:10:58",33057500,57,13616000,"3:46:56",0,47,13616000,"3:46:56",0,47,13616000,"3:46:56",0,"2026-05-09T07:00:00.000000","07:00:00","","","SWE",58000,19,16,16,0,0,0,"",0.000,0.200,12.41,78.000,1,8.49,7.064,"0:58",4.833,"se",0,"",1,"m",17,99,"","",0,"","","",0,""
783,"Cecilie","Krogslund","Cecilie Krogslund","F","DK","","","",";","Gotaleden Stafett & Ultra","Kvinnor","Ultra 75 km","Ultra 75 km","Mål",20,1,"TIME","","","2026-05-09T16:11:47.1000000",33107100,"9:11:48",33107100,"9:11:48",33107100,"2026-05-09T16:11:47.1000000",33107100,"9:11:48",33107100,"9:11:48",33107100,58,13666000,"3:47:46",0,11,7072000,"1:57:52",0,11,7072000,"1:57:52",0,"2026-05-09T07:00:00.000000","07:00:00","","","DEN",67000,59,11,11,1,0,0,"",0.000,0.200,10.75,78.000,1,8.48,7.074,"1:07",5.583,"dk",0,"",1,"f",17,99,"","",0,"","","",0,""
586,"Samuel","Lindblom","Samuel Lindblom","M","SE","","","",";","Gotaleden Stafett & Ultra","Män","Ultra 75 km","Ultra 75 km","Mål",20,1,"TIME","","","2026-05-09T16:11:52.0500000",33112100,"9:11:53",33112100,"9:11:53",33112100,"2026-05-09T16:11:52.0500000",33112100,"9:11:53",33112100,"9:11:53",33112100,59,13671000,"3:47:51",0,48,13671000,"3:47:51",0,48,13671000,"3:47:51",0,"2026-05-09T07:00:00.000000","07:00:00","","","SWE",80000,152,121,121,-1,0,0,"",0.000,0.200,9,78.000,1,8.48,7.075,"1:20",6.667,"se",0,"",1,"m",17,99,"","",0,"","","",0,""
526,"Lova","Åhbeck","Lova Åhbeck","F","SE","","","",";","Gotaleden Stafett & Ultra","Kvinnor","Ultra 75 km","Ultra 75 km","Mål",20,1,"TIME","","","2026-05-09T16:12:04.5900000",33124600,"9:12:05",33124600,"9:12:05",33124600,"2026-05-09T16:12:04.5900000",33124600,"9:12:05",33124600,"9:12:05",33124600,60,13683000,"3:48:03",0,12,7089000,"1:58:09",0,12,7089000,"1:58:09",0,"2026-05-09T07:00:00.000000","07:00:00","","","SWE",60000,28,5,5,0,0,0,"",0.000,0.200,12,78.000,1,8.48,7.078,"1:00",5.000,"se",0,"",1,"f",17,99,"","",0,"","","",0,""
502,"Johan","Rodin","Johan Rodin","M","SE","","","",";","Gotaleden Stafett & Ultra","Män","Ultra 75 km","Ultra 75 km","Mål",20,1,"TIME","","","2026-05-09T16:14:07.4800000",33247500,"9:14:08",33247500,"9:14:08",33247500,"2026-05-09T16:14:07.4800000",33247500,"9:14:08",33247500,"9:14:08",33247500,61,13806000,"3:50:06",0,49,13806000,"3:50:06",0,49,13806000,"3:50:06",0,"2026-05-09T07:00:00.000000","07:00:00","","","SWE",67000,59,49,49,0,0,0,"",0.000,0.200,10.75,78.000,1,8.45,7.104,"1:07",5.583,"se",0,"",1,"m",17,99,"","",0,"","","",0,""
702,"Erik","Kristiansson","Erik Kristiansson","M","SE","","","",";","Gotaleden Stafett & Ultra","Män","Ultra 75 km","Ultra 75 km","Mål",20,1,"TIME","","","2026-05-09T16:18:57.5300000",33537600,"9:18:58",33537600,"9:18:58",33537600,"2026-05-09T16:18:57.5300000",33537600,"9:18:58",33537600,"9:18:58",33537600,62,14096000,"3:54:56",0,50,14096000,"3:54:56",0,50,14096000,"3:54:56",0,"2026-05-09T07:00:00.000000","07:00:00","","","SWE",77000,134,105,105,0,0,0,"",0.000,0.200,9.35,78.000,1,8.37,7.166,"1:17",6.417,"se",0,"",1,"m",17,99,"","",0,"","","",0,""
730,"William","Molin","William Molin","M","SE","","","",";","Gotaleden Stafett & Ultra","Män","Ultra 75 km","Ultra 75 km","Mål",20,1,"TIME","","","2026-05-09T16:19:58.8000000",33598800,"9:19:59",33598800,"9:19:59",33598800,"2026-05-09T16:19:58.8000000",33598800,"9:19:59",33598800,"9:19:59",33598800,63,14157000,"3:55:57",0,51,14157000,"3:55:57",0,51,14157000,"3:55:57",0,"2026-05-09T07:00:00.000000","07:00:00","","","SWE",71000,88,68,68,0,0,0,"",0.000,0.200,10.14,78.000,1,8.36,7.179,"1:11",5.917,"se",0,"",1,"m",17,99,"","",0,"","","",0,""
538,"Vilborg","Palsdottir","Vilborg Palsdottir","F","SE","","","",";","Gotaleden Stafett & Ultra","Kvinnor","Ultra 75 km","Ultra 75 km","Mål",20,1,"TIME","","","2026-05-09T16:21:09.3300000",33669400,"9:21:10",33669400,"9:21:10",33669400,"2026-05-09T16:21:09.3300000",33669400,"9:21:10",33669400,"9:21:10",33669400,64,14228000,"3:57:08",0,13,7634000,"2:07:14",0,13,7634000,"2:07:14",0,"2026-05-09T07:00:00.000000","07:00:00","","","SWE",81000,157,33,33,0,0,0,"",0.000,0.200,8.89,78.000,1,8.34,7.194,"1:21",6.750,"se",0,"",1,"f",17,99,"","",0,"","","",0,""
589,"Lisa","Hammarling","Lisa Hammarling","F","SE","","","",";","Gotaleden Stafett & Ultra","Kvinnor","Ultra 75 km","Ultra 75 km","Mål",20,1,"TIME","","","2026-05-09T16:21:13.1700000",33673200,"9:21:14",33673200,"9:21:14",33673200,"2026-05-09T16:21:13.1700000",33673200,"9:21:14",33673200,"9:21:14",33673200,65,14232000,"3:57:12",0,14,7638000,"2:07:18",0,14,7638000,"2:07:18",0,"2026-05-09T07:00:00.000000","07:00:00","","","SWE",78000,141,31,31,0,0,0,"",0.000,0.200,9.23,78.000,1,8.34,7.195,"1:18",6.500,"se",0,"",1,"f",17,99,"","",0,"","","",0,""
714,"Alexandre","Antonelli","Alexandre Antonelli","M","SE","","","",";","Gotaleden Stafett & Ultra","Män","Ultra 75 km","Ultra 75 km","Mål",20,1,"TIME","","","2026-05-09T16:22:46.1400000",33766200,"9:22:47",33766200,"9:22:47",33766200,"2026-05-09T16:22:46.1400000",33766200,"9:22:47",33766200,"9:22:47",33766200,66,14325000,"3:58:45",0,52,14325000,"3:58:45",0,52,14325000,"3:58:45",0,"2026-05-09T07:00:00.000000","07:00:00","","","SWE",58000,19,16,16,0,0,0,"",0.000,0.200,12.41,78.000,1,8.32,7.215,"0:58",4.833,"se",0,"",1,"m",17,99,"","",0,"","","",0,""
656,"Emil","Wingate","Emil Wingate","M","SE","","","",";","Gotaleden Stafett & Ultra","Män","Ultra 75 km","Ultra 75 km","Mål",20,1,"TIME","","","2026-05-09T16:24:02.2000000",33842200,"9:24:03",33842200,"9:24:03",33842200,"2026-05-09T16:24:02.2000000",33842200,"9:24:03",33842200,"9:24:03",33842200,67,14401000,"4:00:01",0,53,14401000,"4:00:01",0,53,14401000,"4:00:01",0,"2026-05-09T07:00:00.000000","07:00:00","","","SWE",62000,39,33,33,0,0,0,"",0.000,0.200,11.61,78.000,1,8.30,7.231,"1:02",5.167,"se",0,"",1,"m",17,99,"","",0,"","","",0,""
670,"Stefan","Bengtsson","Stefan Bengtsson","M","SE","","","",";","Gotaleden Stafett & Ultra","Män","Ultra 75 km","Ultra 75 km","Mål",20,1,"TIME","","","2026-05-09T16:24:28.0700000",33868100,"9:24:29",33868100,"9:24:29",33868100,"2026-05-09T16:24:28.0700000",33868100,"9:24:29",33868100,"9:24:29",33868100,68,14427000,"4:00:27",0,54,14427000,"4:00:27",0,54,14427000,"4:00:27",0,"2026-05-09T07:00:00.000000","07:00:00","","","SWE",74000,117,90,90,0,0,0,"",0.000,0.200,9.73,78.000,1,8.29,7.237,"1:14",6.167,"se",0,"",1,"m",17,99,"","",0,"","","",0,""
747,"Joakim.","Lindström","Joakim. Lindström","M","SE","","","",";","Gotaleden Stafett & Ultra","Män","Ultra 75 km","Ultra 75 km","Mål",20,1,"TIME","","","2026-05-09T16:25:32.7400000",33932800,"9:25:33",33932800,"9:25:33",33932800,"2026-05-09T16:25:32.7400000",33932800,"9:25:33",33932800,"9:25:33",33932800,69,14491000,"4:01:31",0,55,14491000,"4:01:31",0,55,14491000,"4:01:31",0,"2026-05-09T07:00:00.000000","07:00:00","","","SWE",79000,147,116,116,0,0,0,"",0.000,0.200,9.11,78.000,1,8.28,7.251,"1:19",6.583,"se",0,"",1,"m",17,99,"","",0,"","","",0,""
779,"Hans","Börjesson","Hans Börjesson","M","SE","","","",";","Gotaleden Stafett & Ultra","Män","Ultra 75 km","Ultra 75 km","Mål",20,1,"TIME","","","2026-05-09T16:29:05.7300000",34145800,"9:29:06",34145800,"9:29:06",34145800,"2026-05-09T16:29:05.7300000",34145800,"9:29:06",34145800,"9:29:06",34145800,70,14704000,"4:05:04",0,56,14704000,"4:05:04",0,56,14704000,"4:05:04",0,"2026-05-09T07:00:00.000000","07:00:00","","","SWE",72000,99,76,76,0,0,0,"",0.000,0.200,10.00,78.000,1,8.22,7.296,"1:12",6.000,"se",0,"",1,"m",17,99,"","",0,"","","",0,""
770,"Michael","Stiller","Michael Stiller","M","GB","","","",";","Gotaleden Stafett & Ultra","Män","Ultra 75 km","Ultra 75 km","Mål",20,1,"TIME","","","2026-05-09T16:34:44.6000000",34484600,"9:34:45",34484600,"9:34:45",34484600,"2026-05-09T16:34:44.6000000",34484600,"9:34:45",34484600,"9:34:45",34484600,71,15043000,"4:10:43",0,57,15043000,"4:10:43",0,57,15043000,"4:10:43",0,"2026-05-09T07:00:00.000000","07:00:00","","","GBR",60000,28,24,24,0,0,0,"",0.000,0.200,12,78.000,1,8.14,7.369,"1:00",5.000,"gb",0,"",1,"m",17,99,"","",0,"","","",0,""
529,"Hanna","Martinsson","Hanna Martinsson","F","SE","","","",";","Gotaleden Stafett & Ultra","Kvinnor","Ultra 75 km","Ultra 75 km","Mål",20,1,"TIME","","","2026-05-09T16:35:02.7500000",34502800,"9:35:03",34502800,"9:35:03",34502800,"2026-05-09T16:35:02.7500000",34502800,"9:35:03",34502800,"9:35:03",34502800,72,15061000,"4:11:01",0,15,8467000,"2:21:07",0,15,8467000,"2:21:07",0,"2026-05-09T07:00:00.000000","07:00:00","","","SWE",74000,117,28,28,1,0,0,"",0.000,0.200,9.73,78.000,1,8.14,7.372,"1:14",6.167,"se",0,"",1,"f",17,99,"","",0,"","","",0,""
633,"Daniel","Gillberg","Daniel Gillberg","M","SE","","","",";","Gotaleden Stafett & Ultra","Män","Ultra 75 km","Ultra 75 km","Mål",20,1,"TIME","","","2026-05-09T16:35:02.9000000",34502900,"9:35:03",34502900,"9:35:03",34502900,"2026-05-09T16:35:02.9000000",34502900,"9:35:03",34502900,"9:35:03",34502900,73,15061000,"4:11:01",0,58,15061000,"4:11:01",0,58,15061000,"4:11:01",0,"2026-05-09T07:00:00.000000","07:00:00","","","SWE",75000,125,96,96,-1,0,0,"",0.000,0.200,9.6,78.000,1,8.14,7.372,"1:15",6.250,"se",0,"",1,"m",17,99,"","",0,"","","",0,""
679,"Linnéa","Bäckström","Linnéa Bäckström","F","SE","","","",";","Gotaleden Stafett & Ultra","Kvinnor","Ultra 75 km","Ultra 75 km","Mål",20,1,"TIME","","","2026-05-09T16:35:47.3000000",34547300,"9:35:48",34547300,"9:35:48",34547300,"2026-05-09T16:35:47.3000000",34547300,"9:35:48",34547300,"9:35:48",34547300,74,15106000,"4:11:46",0,16,8512000,"2:21:52",0,16,8512000,"2:21:52",0,"2026-05-09T07:00:00.000000","07:00:00","","","SWE",96000,183,39,39,0,0,0,"",0.000,0.200,7.50,78.000,1,8.13,7.382,"1:36",8.000,"se",0,"",1,"f",17,99,"","",0,"","","",0,""
548,"Gabriel","Gustynski","Gabriel Gustynski","M","SE","","","",";","Gotaleden Stafett & Ultra","Män","Ultra 75 km","Ultra 75 km","Mål",20,1,"TIME","","","2026-05-09T16:38:22.5300000",34702600,"9:38:23",34702600,"9:38:23",34702600,"2026-05-09T16:38:22.5300000",34702600,"9:38:23",34702600,"9:38:23",34702600,75,15261000,"4:14:21",0,59,15261000,"4:14:21",0,59,15261000,"4:14:21",0,"2026-05-09T07:00:00.000000","07:00:00","","","SWE",50000,8,8,8,0,0,0,"",0.000,0.200,14.4,78.000,1,8.09,7.415,"0:50",4.167,"se",0,"",1,"m",17,99,"","",0,"","","",0,""
707,"Emanuel","Olsson","Emanuel Olsson","M","SE","","","",";","Gotaleden Stafett & Ultra","Män","Ultra 75 km","Ultra 75 km","Mål",20,1,"TIME","","","2026-05-09T16:40:55.1000000",34855100,"9:40:56",34855100,"9:40:56",34855100,"2026-05-09T16:40:55.1000000",34855100,"9:40:56",34855100,"9:40:56",34855100,76,15414000,"4:16:54",0,60,15414000,"4:16:54",0,60,15414000,"4:16:54",0,"2026-05-09T07:00:00.000000","07:00:00","","","SWE",4449000,204,162,162,0,0,0,"",0.000,10.000,8.09,78.000,1,8.06,7.448,"1:14:09",7.415,"se",0,"",1,"m",17,99,"","",0,"","","",0,""
609,"Simon","Arvidsson","Simon Arvidsson","M","SE","","","",";","Gotaleden Stafett & Ultra","Män","Ultra 75 km","Ultra 75 km","Mål",20,1,"TIME","","","2026-05-09T16:42:47.0000000",34967000,"9:42:47",34967000,"9:42:47",34967000,"2026-05-09T16:42:47.0000000",34967000,"9:42:47",34967000,"9:42:47",34967000,77,15526000,"4:18:46",0,61,15526000,"4:18:46",0,61,15526000,"4:18:46",0,"2026-05-09T07:00:00.000000","07:00:00","","","SWE",58000,19,16,16,-1,-1,-1,"",0.000,0.200,12.41,78.000,1,8.03,7.472,"0:58",4.833,"se",0,"",1,"m",17,99,"","",0,"","","",0,""
527,"Viktor","Thell","Viktor Thell","M","SE","","","",";","Gotaleden Stafett & Ultra","Män","Ultra 75 km","Ultra 75 km","Mål",20,1,"TIME","","","2026-05-09T16:42:47.1900000",34967200,"9:42:48",34967200,"9:42:48",34967200,"2026-05-09T16:42:47.1900000",34967200,"9:42:48",34967200,"9:42:48",34967200,78,15526000,"4:18:46",0,62,15526000,"4:18:46",0,62,15526000,"4:18:46",0,"2026-05-09T07:00:00.000000","07:00:00","","","SWE",58000,19,16,16,-1,-1,-1,"",0.000,0.200,12.41,78.000,1,8.03,7.472,"0:58",4.833,"se",0,"",1,"m",17,99,"","",0,"","","",0,""
734,"Angelica","Fredin","Angelica Fredin","F","SE","","","",";","Gotaleden Stafett & Ultra","Kvinnor","Ultra 75 km","Ultra 75 km","Mål",20,1,"TIME","","","2026-05-09T16:43:23.3800000",35003400,"9:43:24",35003400,"9:43:24",35003400,"2026-05-09T16:43:23.3800000",35003400,"9:43:24",35003400,"9:43:24",35003400,79,15562000,"4:19:22",0,17,8968000,"2:29:28",0,17,8968000,"2:29:28",0,"2026-05-09T07:00:00.000000","07:00:00","","","SWE",67000,59,11,11,-1,0,0,"",0.000,0.200,10.75,78.000,1,8.02,7.479,"1:07",5.583,"se",0,"",1,"f",17,99,"","",0,"","","",0,""
534,"Jan","Mogren","Jan Mogren","M","SE","","","",";","Gotaleden Stafett & Ultra","Män","Ultra 75 km","Ultra 75 km","Mål",20,1,"TIME","","","2026-05-09T16:44:37.8100000",35077900,"9:44:38",35077900,"9:44:38",35077900,"2026-05-09T16:44:37.8100000",35077900,"9:44:38",35077900,"9:44:38",35077900,80,15636000,"4:20:36",0,63,15636000,"4:20:36",0,63,15636000,"4:20:36",0,"2026-05-09T07:00:00.000000","07:00:00","","","SWE",79000,147,116,116,-1,-1,-1,"",0.000,0.200,9.11,78.000,1,8.01,7.495,"1:19",6.583,"se",0,"",1,"m",17,99,"","",0,"","","",0,""
713,"Marcus","Hultin","Marcus Hultin","M","SE","","","",";","Gotaleden Stafett & Ultra","Män","Ultra 75 km","Ultra 75 km","Mål",20,1,"TIME","","","2026-05-09T16:44:37.9900000",35078000,"9:44:38",35078000,"9:44:38",35078000,"2026-05-09T16:44:37.9900000",35078000,"9:44:38",35078000,"9:44:38",35078000,81,15637000,"4:20:37",0,64,15637000,"4:20:37",0,64,15637000,"4:20:37",0,"2026-05-09T07:00:00.000000","07:00:00","","","SWE",80000,152,121,121,-1,-1,-1,"",0.000,0.200,9,78.000,1,8.01,7.495,"1:20",6.667,"se",0,"",1,"m",17,99,"","",0,"","","",0,""
545,"Gunnar","Wärnfeldt","Gunnar Wärnfeldt","M","SE","","","",";","Gotaleden Stafett & Ultra","Män","Ultra 75 km","Ultra 75 km","Mål",20,1,"TIME","","","2026-05-09T16:44:59.8000000",35099800,"9:45:00",35099800,"9:45:00",35099800,"2026-05-09T16:44:59.8000000",35099800,"9:45:00",35099800,"9:45:00",35099800,82,15658000,"4:20:58",0,65,15658000,"4:20:58",0,65,15658000,"4:20:58",0,"2026-05-09T07:00:00.000000","07:00:00","","","SWE",68000,64,52,52,-1,-1,-1,"",0.000,0.200,10.59,78.000,1,8.00,7.500,"1:08",5.667,"se",0,"",1,"m",17,99,"","",0,"","","",0,""
732,"Robin","Wiberg","Robin Wiberg","M","SE","","","",";","Gotaleden Stafett & Ultra","Män","Ultra 75 km","Ultra 75 km","Mål",20,1,"TIME","","","2026-05-09T16:48:20.4500000",35300500,"9:48:21",35300500,"9:48:21",35300500,"2026-05-09T16:48:20.4500000",35300500,"9:48:21",35300500,"9:48:21",35300500,83,15859000,"4:24:19",0,66,15859000,"4:24:19",0,66,15859000,"4:24:19",0,"2026-05-09T07:00:00.000000","07:00:00","","","SWE",79000,147,116,116,-1,-1,-1,"",0.000,0.200,9.11,78.000,1,7.95,7.543,"1:19",6.583,"se",0,"",1,"m",17,99,"","",0,"","","",0,""
746,"Ulrika","Nyström","Ulrika Nyström","F","SE","","","",";","Gotaleden Stafett & Ultra","Kvinnor","Ultra 75 km","Ultra 75 km","Mål",20,1,"TIME","","","2026-05-09T16:49:25.1700000",35365200,"9:49:26",35365200,"9:49:26",35365200,"2026-05-09T16:49:25.1700000",35365200,"9:49:26",35365200,"9:49:26",35365200,84,15924000,"4:25:24",0,18,9330000,"2:35:30",0,18,9330000,"2:35:30",0,"2026-05-09T07:00:00.000000","07:00:00","","","SWE",80000,152,32,32,-1,0,0,"",0.000,0.200,9,78.000,1,7.94,7.557,"1:20",6.667,"se",0,"",1,"f",17,99,"","",0,"","","",0,""
532,"Niklas","Björkman","Niklas Björkman","M","SE","","","",";","Gotaleden Stafett & Ultra","Män","Ultra 75 km","Ultra 75 km","Mål",20,1,"TIME","","","2026-05-09T16:51:06.3500000",35466400,"9:51:07",35466400,"9:51:07",35466400,"2026-05-09T16:51:06.3500000",35466400,"9:51:07",35466400,"9:51:07",35466400,85,16025000,"4:27:05",0,67,16025000,"4:27:05",0,67,16025000,"4:27:05",0,"2026-05-09T07:00:00.000000","07:00:00","","","SWE",77000,134,105,105,0,0,0,"",0.000,0.200,9.35,78.000,1,7.92,7.578,"1:17",6.417,"se",0,"",1,"m",17,99,"","",0,"","","",0,""
563,"Erik","Andreasson","Erik Andreasson","M","SE","","","",";","Gotaleden Stafett & Ultra","Män","Ultra 75 km","Ultra 75 km","Mål",20,1,"TIME","","","2026-05-09T16:51:06.8600000",35466900,"9:51:07",35466900,"9:51:07",35466900,"2026-05-09T16:51:06.8600000",35466900,"9:51:07",35466900,"9:51:07",35466900,86,16025000,"4:27:05",0,68,16025000,"4:27:05",0,68,16025000,"4:27:05",0,"2026-05-09T07:00:00.000000","07:00:00","","","SWE",77000,134,105,105,-2,-2,-2,"",0.000,0.200,9.35,78.000,1,7.92,7.578,"1:17",6.417,"se",0,"",1,"m",17,99,"","",0,"","","",0,""
775,"Ludwig","Schadewitz","Ludwig Schadewitz","M","SE","","","",";","Gotaleden Stafett & Ultra","Män","Ultra 75 km","Ultra 75 km","Mål",20,1,"TIME","","","2026-05-09T16:51:19.3800000",35479400,"9:51:20",35479400,"9:51:20",35479400,"2026-05-09T16:51:19.3800000",35479400,"9:51:20",35479400,"9:51:20",35479400,87,16038000,"4:27:18",0,69,16038000,"4:27:18",0,69,16038000,"4:27:18",0,"2026-05-09T07:00:00.000000","07:00:00","","","SWE",69000,72,58,58,-1,-1,-1,"",0.000,0.200,10.43,78.000,1,7.91,7.581,"1:09",5.750,"se",0,"",1,"m",17,99,"","",0,"","","",0,""
573,"Christina","Täck","Christina Täck","F","SE","","","",";","Gotaleden Stafett & Ultra","Kvinnor","Ultra 75 km","Ultra 75 km","Mål",20,1,"TIME","","","2026-05-09T16:52:53.4600000",35573500,"9:52:54",35573500,"9:52:54",35573500,"2026-05-09T16:52:53.4600000",35573500,"9:52:54",35573500,"9:52:54",35573500,88,16132000,"4:28:52",0,19,9538000,"2:38:58",0,19,9538000,"2:38:58",0,"2026-05-09T07:00:00.000000","07:00:00","","","SWE",72000,99,24,24,0,0,0,"",0.000,0.200,10.00,78.000,1,7.89,7.601,"1:12",6.000,"se",0,"",1,"f",17,99,"","",0,"","","",0,""
760,"Simon","Gustafson","Simon Gustafson","M","SE","","","",";","Gotaleden Stafett & Ultra","Män","Ultra 75 km","Ultra 75 km","Mål",20,1,"TIME","","","2026-05-09T16:52:54.0200000",35574100,"9:52:55",35574100,"9:52:55",35574100,"2026-05-09T16:52:54.0200000",35574100,"9:52:55",35574100,"9:52:55",35574100,89,16133000,"4:28:53",0,70,16133000,"4:28:53",0,70,16133000,"4:28:53",0,"2026-05-09T07:00:00.000000","07:00:00","","","SWE",72000,99,76,76,0,0,0,"",0.000,0.200,10.00,78.000,1,7.89,7.601,"1:12",6.000,"se",0,"",1,"m",17,99,"","",0,"","","",0,""
540,"Jonas","Udéhn","Jonas Udéhn","M","SE","","","",";","Gotaleden Stafett & Ultra","Män","Ultra 75 km","Ultra 75 km","Mål",20,1,"TIME","","","2026-05-09T16:52:58.8800000",35578900,"9:52:59",35578900,"9:52:59",35578900,"2026-05-09T16:52:58.8800000",35578900,"9:52:59",35578900,"9:52:59",35578900,90,16137000,"4:28:57",0,71,16137000,"4:28:57",0,71,16137000,"4:28:57",0,"2026-05-09T07:00:00.000000","07:00:00","","","SWE",87000,169,135,135,-3,-2,-2,"",0.000,0.200,8.28,78.000,1,7.89,7.602,"1:27",7.250,"se",0,"",1,"m",17,99,"","",0,"","","",0,""
692,"Fredrik","Arrhenius","Fredrik Arrhenius","M","SE","","","",";","Gotaleden Stafett & Ultra","Män","Ultra 75 km","Ultra 75 km","Mål",20,1,"TIME","","","2026-05-09T16:53:12.9900000",35593000,"9:53:13",35593000,"9:53:13",35593000,"2026-05-09T16:53:12.9900000",35593000,"9:53:13",35593000,"9:53:13",35593000,91,16152000,"4:29:12",0,72,16152000,"4:29:12",0,72,16152000,"4:29:12",0,"2026-05-09T07:00:00.000000","07:00:00","","","SWE",4803000,205,163,163,0,0,0,"",0.000,10.000,7.50,78.000,1,7.89,7.605,"1:20:03",8.005,"se",0,"",1,"m",17,99,"","",0,"","","",0,""
612,"Jacob","Flemming Yildirim Rasmussen","Jacob Flemming Yildirim Rasmussen","M","DK","","","",";","Gotaleden Stafett & Ultra","Män","Ultra 75 km","Ultra 75 km","Mål",20,1,"TIME","","","2026-05-09T16:55:27.7100000",35727800,"9:55:28",35727800,"9:55:28",35727800,"2026-05-09T16:55:27.7100000",35727800,"9:55:28",35727800,"9:55:28",35727800,92,16286000,"4:31:26",0,73,16286000,"4:31:26",0,73,16286000,"4:31:26",0,"2026-05-09T07:00:00.000000","07:00:00","","","DEN",85000,166,132,132,-2,-2,-2,"",0.000,0.200,8.47,78.000,1,7.86,7.634,"1:25",7.083,"dk",0,"",1,"m",17,99,"","",0,"","","",0,""
511,"Anders","Lindgren","Anders Lindgren","M","SE","","","",";","Gotaleden Stafett & Ultra","Män","Ultra 75 km","Ultra 75 km","Mål",20,1,"TIME","","","2026-05-09T16:55:41.8400000",35741900,"9:55:42",35741900,"9:55:42",35741900,"2026-05-09T16:55:41.8400000",35741900,"9:55:42",35741900,"9:55:42",35741900,93,16300000,"4:31:40",0,74,16300000,"4:31:40",0,74,16300000,"4:31:40",0,"2026-05-09T07:00:00.000000","07:00:00","","","SWE",75000,125,96,96,-2,-2,-2,"",0.000,0.200,9.6,78.000,1,7.86,7.637,"1:15",6.250,"se",0,"",1,"m",17,99,"","",0,"","","",0,""
565,"Pontus","Pettersson-Gull","Pontus Pettersson-Gull","M","SE","","","",";","Gotaleden Stafett & Ultra","Män","Ultra 75 km","Ultra 75 km","Mål",20,1,"TIME","","","2026-05-09T16:56:32.8800000",35792900,"9:56:33",35792900,"9:56:33",35792900,"2026-05-09T16:56:32.8800000",35792900,"9:56:33",35792900,"9:56:33",35792900,94,16351000,"4:32:31",0,75,16351000,"4:32:31",0,75,16351000,"4:32:31",0,"2026-05-09T07:00:00.000000","07:00:00","","","SWE",81000,157,125,125,-2,-2,-2,"",0.000,0.200,8.89,78.000,1,7.85,7.648,"1:21",6.750,"se",0,"",1,"m",17,99,"","",0,"","","",0,""
627,"Marcus","Ingvarsson","Marcus Ingvarsson","M","SE","","","",";","Gotaleden Stafett & Ultra","Män","Ultra 75 km","Ultra 75 km","Mål",20,1,"TIME","","","2026-05-09T16:56:52.9900000",35813000,"9:56:53",35813000,"9:56:53",35813000,"2026-05-09T16:56:52.9900000",35813000,"9:56:53",35813000,"9:56:53",35813000,95,16372000,"4:32:52",0,76,16372000,"4:32:52",0,76,16372000,"4:32:52",0,"2026-05-09T07:00:00.000000","07:00:00","","","SWE",77000,134,105,105,-2,-2,-2,"",0.000,0.200,9.35,78.000,1,7.84,7.653,"1:17",6.417,"se",0,"",1,"m",17,99,"","",0,"","","",0,""
781,"Henrik","Lundqvist","Henrik Lundqvist","M","SE","","","",";","Gotaleden Stafett & Ultra","Män","Ultra 75 km","Ultra 75 km","Mål",20,1,"TIME","","","2026-05-09T16:58:17.8700000",35897900,"9:58:18",35897900,"9:58:18",35897900,"2026-05-09T16:58:17.8700000",35897900,"9:58:18",35897900,"9:58:18",35897900,96,16456000,"4:34:16",0,77,16456000,"4:34:16",0,77,16456000,"4:34:16",0,"2026-05-09T07:00:00.000000","07:00:00","","","SWE",64000,49,42,42,-2,-2,-2,"",0.000,0.200,11.25,78.000,1,7.82,7.670,"1:04",5.333,"se",0,"",1,"m",17,99,"","",0,"","","",0,""
625,"William","Stridsberg","William Stridsberg","M","SE","","","",";","Gotaleden Stafett & Ultra","Män","Ultra 75 km","Ultra 75 km","Mål",20,1,"TIME","","","2026-05-09T16:59:46.5100000",35986600,"9:59:47",35986600,"9:59:47",35986600,"2026-05-09T16:59:46.5100000",35986600,"9:59:47",35986600,"9:59:47",35986600,97,16545000,"4:35:45",0,78,16545000,"4:35:45",0,78,16545000,"4:35:45",0,"2026-05-09T07:00:00.000000","07:00:00","","","SWE",48000,4,4,4,-2,-2,-2,"",0.000,0.200,15,78.000,1,7.80,7.689,"0:48",4.000,"se",0,"",1,"m",17,99,"","",0,"","","",0,""
635,"Lisa","Höglund","Lisa Höglund","F","SE","","","",";","Gotaleden Stafett & Ultra","Kvinnor","Ultra 75 km","Ultra 75 km","Mål",20,1,"TIME","","","2026-05-09T17:01:38.6500000",36098700,"10:01:39",36098700,"10:01:39",36098700,"2026-05-09T17:01:38.6500000",36098700,"10:01:39",36098700,"10:01:39",36098700,98,16657000,"4:37:37",0,20,10063000,"2:47:43",0,20,10063000,"2:47:43",0,"2026-05-09T07:00:00.000000","07:00:00","","","SWE",65000,52,8,8,-2,0,0,"",0.000,0.200,11.08,78.000,1,7.78,7.713,"1:05",5.417,"se",0,"",1,"f",17,99,"","",0,"","","",0,""
766,"Mikael","Hysen","Mikael Hysen","M","SE","","","",";","Gotaleden Stafett & Ultra","Män","Ultra 75 km","Ultra 75 km","Mål",20,1,"TIME","","","2026-05-09T17:04:09.8600000",36249900,"10:04:10",36249900,"10:04:10",36249900,"2026-05-09T17:04:09.8600000",36249900,"10:04:10",36249900,"10:04:10",36249900,99,16808000,"4:40:08",0,79,16808000,"4:40:08",0,79,16808000,"4:40:08",0,"2026-05-09T07:00:00.000000","07:00:00","","","SWE",68000,64,52,52,-2,-2,-2,"",0.000,0.200,10.59,78.000,1,7.75,7.746,"1:08",5.667,"se",0,"",1,"m",17,99,"","",0,"","","",0,""
705,"Lukas","Thorbjørnsrud","Lukas Thorbjørnsrud","M","NO","","","",";","Gotaleden Stafett & Ultra","Män","Ultra 75 km","Ultra 75 km","Mål",20,1,"TIME","","","2026-05-09T17:04:54.5700000",36294600,"10:04:55",36294600,"10:04:55",36294600,"2026-05-09T17:04:54.5700000",36294600,"10:04:55",36294600,"10:04:55",36294600,100,16853000,"4:40:53",0,80,16853000,"4:40:53",0,80,16853000,"4:40:53",0,"2026-05-09T07:00:00.000000","07:00:00","","","NOR",63000,43,37,37,-2,-2,-2,"",0.000,0.200,11.43,78.000,1,7.74,7.755,"1:03",5.250,"no",0,"",1,"m",17,99,"","",0,"","","",0,""
643,"Håkan","Broström","Håkan Broström","M","SE","","","",";","Gotaleden Stafett & Ultra","Män","Ultra 75 km","Ultra 75 km","Mål",20,1,"TIME","","","2026-05-09T17:06:11.8700000",36371900,"10:06:12",36371900,"10:06:12",36371900,"2026-05-09T17:06:11.8700000",36371900,"10:06:12",36371900,"10:06:12",36371900,101,16930000,"4:42:10",0,81,16930000,"4:42:10",0,81,16930000,"4:42:10",0,"2026-05-09T07:00:00.000000","07:00:00","","","SWE",73000,113,86,86,-2,-2,-2,"",0.000,0.200,9.86,78.000,1,7.72,7.772,"1:13",6.083,"se",0,"",1,"m",17,99,"","",0,"","","",0,""
687,"Christian","Berlin","Christian Berlin","M","SE","","","",";","Gotaleden Stafett & Ultra","Män","Ultra 75 km","Ultra 75 km","Mål",20,1,"TIME","","","2026-05-09T17:07:52.8700000",36472900,"10:07:53",36472900,"10:07:53",36472900,"2026-05-09T17:07:52.8700000",36472900,"10:07:53",36472900,"10:07:53",36472900,102,17031000,"4:43:51",0,82,17031000,"4:43:51",0,82,17031000,"4:43:51",0,"2026-05-09T07:00:00.000000","07:00:00","","","SWE",68000,64,52,52,-2,-2,-2,"",0.000,0.200,10.59,78.000,1,7.70,7.793,"1:08",5.667,"se",0,"",1,"m",17,99,"","",0,"","","",0,""
718,"Kristian","Wollersjö","Kristian Wollersjö","M","SE","","","",";","Gotaleden Stafett & Ultra","Män","Ultra 75 km","Ultra 75 km","Mål",20,1,"TIME","","","2026-05-09T17:08:08.7300000",36488800,"10:08:09",36488800,"10:08:09",36488800,"2026-05-09T17:08:08.7300000",36488800,"10:08:09",36488800,"10:08:09",36488800,103,17047000,"4:44:07",0,83,17047000,"4:44:07",0,83,17047000,"4:44:07",0,"2026-05-09T07:00:00.000000","07:00:00","","","SWE",78000,141,111,111,-2,-2,-2,"",0.000,0.200,9.23,78.000,1,7.70,7.797,"1:18",6.500,"se",0,"",1,"m",17,99,"","",0,"","","",0,""
579,"Robert","Boldt","Robert Boldt","M","US","","","",";","Gotaleden Stafett & Ultra","Män","Ultra 75 km","Ultra 75 km","Mål",20,1,"TIME","","","2026-05-09T17:08:31.4100000",36511500,"10:08:32",36511500,"10:08:32",36511500,"2026-05-09T17:08:31.4100000",36511500,"10:08:32",36511500,"10:08:32",36511500,104,17070000,"4:44:30",0,84,17070000,"4:44:30",0,84,17070000,"4:44:30",0,"2026-05-09T07:00:00.000000","07:00:00","","","USA",75000,125,96,96,-2,-2,-2,"",0.000,0.200,9.6,78.000,1,7.69,7.802,"1:15",6.250,"us",0,"",1,"m",17,99,"","",0,"","","",0,""
755,"Felix","Karls","Felix Karls","M","SE","","","",";","Gotaleden Stafett & Ultra","Män","Ultra 75 km","Ultra 75 km","Mål",20,1,"TIME","","","2026-05-09T17:08:54.3500000",36534400,"10:08:55",36534400,"10:08:55",36534400,"2026-05-09T17:08:54.3500000",36534400,"10:08:55",36534400,"10:08:55",36534400,105,17093000,"4:44:53",0,85,17093000,"4:44:53",0,85,17093000,"4:44:53",0,"2026-05-09T07:00:00.000000","07:00:00","","","SWE",74000,117,90,90,-2,-2,-2,"",0.000,0.200,9.73,78.000,1,7.69,7.807,"1:14",6.167,"se",0,"",1,"m",17,99,"","",0,"","","",0,""
725,"Tomas","Berner","Tomas Berner","M","SE","","","",";","Gotaleden Stafett & Ultra","Män","Ultra 75 km","Ultra 75 km","Mål",20,1,"TIME","","","2026-05-09T17:09:27.8800000",36567900,"10:09:28",36567900,"10:09:28",36567900,"2026-05-09T17:09:27.8800000",36567900,"10:09:28",36567900,"10:09:28",36567900,106,17126000,"4:45:26",0,86,17126000,"4:45:26",0,86,17126000,"4:45:26",0,"2026-05-09T07:00:00.000000","07:00:00","","","SWE",72000,99,76,76,-2,-2,-2,"",0.000,0.200,10.00,78.000,1,7.68,7.814,"1:12",6.000,"se",0,"",1,"m",17,99,"","",0,"","","",0,""
642,"Magnus","Härlin","Magnus Härlin","M","SE","","","",";","Gotaleden Stafett & Ultra","Män","Ultra 75 km","Ultra 75 km","Mål",20,1,"TIME","","","2026-05-09T17:09:28.4200000",36568500,"10:09:29",36568500,"10:09:29",36568500,"2026-05-09T17:09:28.4200000",36568500,"10:09:29",36568500,"10:09:29",36568500,107,17127000,"4:45:27",0,87,17127000,"4:45:27",0,87,17127000,"4:45:27",0,"2026-05-09T07:00:00.000000","07:00:00","","","SWE",72000,99,76,76,-2,-2,-2,"",0.000,0.200,10.00,78.000,1,7.68,7.814,"1:12",6.000,"se",0,"",1,"m",17,99,"","",0,"","","",0,""
628,"Marc","Kaeraa","Marc Kaeraa","M","SE","","","",";","Gotaleden Stafett & Ultra","Män","Ultra 75 km","Ultra 75 km","Mål",20,1,"TIME","","","2026-05-09T17:10:22.8900000",36622900,"10:10:23",36622900,"10:10:23",36622900,"2026-05-09T17:10:22.8900000",36622900,"10:10:23",36622900,"10:10:23",36622900,108,17181000,"4:46:21",0,88,17181000,"4:46:21",0,88,17181000,"4:46:21",0,"2026-05-09T07:00:00.000000","07:00:00","","","SWE",62000,39,33,33,-2,-2,-2,"",0.000,0.200,11.61,78.000,1,7.67,7.825,"1:02",5.167,"se",0,"",1,"m",17,99,"","",0,"","","",0,""
767,"Juan","Davila","Juan Davila","M","CO","","","",";","Gotaleden Stafett & Ultra","Män","Ultra 75 km","Ultra 75 km","Mål",20,1,"TIME","","","2026-05-09T17:12:41.8400000",36761900,"10:12:42",36761900,"10:12:42",36761900,"2026-05-09T17:12:41.8400000",36761900,"10:12:42",36761900,"10:12:42",36761900,109,17320000,"4:48:40",0,89,17320000,"4:48:40",0,89,17320000,"4:48:40",0,"2026-05-09T07:00:00.000000","07:00:00","","","COL",62000,39,33,33,-2,-2,-2,"",0.000,0.200,11.61,78.000,1,7.64,7.855,"1:02",5.167,"co",0,"",1,"m",17,99,"","",0,"","","",0,""
631,"Bjorn","Skorsdal","Bjorn Skorsdal","M","SE","","","",";","Gotaleden Stafett & Ultra","Män","Ultra 75 km","Ultra 75 km","Mål",20,1,"TIME","","","2026-05-09T17:14:02.2600000",36842300,"10:14:03",36842300,"10:14:03",36842300,"2026-05-09T17:14:02.2600000",36842300,"10:14:03",36842300,"10:14:03",36842300,110,17401000,"4:50:01",0,90,17401000,"4:50:01",0,90,17401000,"4:50:01",0,"2026-05-09T07:00:00.000000","07:00:00","","","SWE",69000,72,58,58,-2,-2,-2,"",0.000,0.200,10.43,78.000,1,7.62,7.872,"1:09",5.750,"se",0,"",1,"m",17,99,"","",0,"","","",0,""
639,"Henrik","Aronsson","Henrik Aronsson","M","SE","","","",";","Gotaleden Stafett & Ultra","Män","Ultra 75 km","Ultra 75 km","Mål",20,1,"TIME","","","2026-05-09T17:16:03.3300000",36963400,"10:16:04",36963400,"10:16:04",36963400,"2026-05-09T17:16:03.3300000",36963400,"10:16:04",36963400,"10:16:04",36963400,111,17522000,"4:52:02",0,91,17522000,"4:52:02",0,91,17522000,"4:52:02",0,"2026-05-09T07:00:00.000000","07:00:00","","","SWE",51000,11,11,11,-2,-2,-2,"",0.000,0.200,14.12,78.000,1,7.60,7.898,"0:51",4.250,"se",0,"",1,"m",17,99,"","",0,"","","",0,""
576,"Alexander","Dickson","Alexander Dickson","M","SE","","","",";","Gotaleden Stafett & Ultra","Män","Ultra 75 km","Ultra 75 km","Mål",20,1,"TIME","","","2026-05-09T17:16:56.1500000",37016200,"10:16:57",37016200,"10:16:57",37016200,"2026-05-09T17:16:56.1500000",37016200,"10:16:57",37016200,"10:16:57",37016200,112,17575000,"4:52:55",0,92,17575000,"4:52:55",0,92,17575000,"4:52:55",0,"2026-05-09T07:00:00.000000","07:00:00","","","SWE",72000,99,76,76,-2,-2,-2,"",0.000,0.200,10.00,78.000,1,7.59,7.910,"1:12",6.000,"se",0,"",1,"m",17,99,"","",0,"","","",0,""
518,"Marcus","Sandblom","Marcus Sandblom","M","SE","","","",";","Gotaleden Stafett & Ultra","Män","Ultra 75 km","Ultra 75 km","Mål",20,1,"TIME","","","2026-05-09T17:16:56.3300000",37016400,"10:16:57",37016400,"10:16:57",37016400,"2026-05-09T17:16:56.3300000",37016400,"10:16:57",37016400,"10:16:57",37016400,113,17575000,"4:52:55",0,93,17575000,"4:52:55",0,93,17575000,"4:52:55",0,"2026-05-09T07:00:00.000000","07:00:00","","","SWE",71000,88,68,68,-2,-2,-2,"",0.000,0.200,10.14,78.000,1,7.59,7.910,"1:11",5.917,"se",0,"",1,"m",17,99,"","",0,"","","",0,""
550,"Lowe","Fareld Krågen","Lowe Fareld Krågen","M","SE","","","",";","Gotaleden Stafett & Ultra","Män","Ultra 75 km","Ultra 75 km","Mål",20,1,"TIME","","","2026-05-09T17:19:28.0000000",37168000,"10:19:28",37168000,"10:19:28",37168000,"2026-05-09T17:19:28.0000000",37168000,"10:19:28",37168000,"10:19:28",37168000,114,17727000,"4:55:27",0,94,17727000,"4:55:27",0,94,17727000,"4:55:27",0,"2026-05-09T07:00:00.000000","07:00:00","","","SWE",68000,64,52,52,-2,-2,-2,"",0.000,0.200,10.59,78.000,1,7.55,7.942,"1:08",5.667,"se",0,"",1,"m",17,99,"","",0,"","","",0,""
605,"Kent","Andersson","Kent Andersson","M","SE","","","",";","Gotaleden Stafett & Ultra","Män","Ultra 75 km","Ultra 75 km","Mål",20,1,"TIME","","","2026-05-09T17:20:14.6400000",37214700,"10:20:15",37214700,"10:20:15",37214700,"2026-05-09T17:20:14.6400000",37214700,"10:20:15",37214700,"10:20:15",37214700,115,17773000,"4:56:13",0,95,17773000,"4:56:13",0,95,17773000,"4:56:13",0,"2026-05-09T07:00:00.000000","07:00:00","","","SWE",61000,34,28,28,-1,-2,-2,"",0.000,0.200,11.80,78.000,1,7.55,7.952,"1:01",5.083,"se",0,"",1,"m",17,99,"","",0,"","","",0,""
597,"Johan","Hallmén","Johan Hallmén","M","SE","","","",";","Gotaleden Stafett & Ultra","Män","Ultra 75 km","Ultra 75 km","Mål",20,1,"TIME","","","2026-05-09T17:20:15.1500000",37215200,"10:20:16",37215200,"10:20:16",37215200,"2026-05-09T17:20:15.1500000",37215200,"10:20:16",37215200,"10:20:16",37215200,116,17774000,"4:56:14",0,96,17774000,"4:56:14",0,96,17774000,"4:56:14",0,"2026-05-09T07:00:00.000000","07:00:00","","","SWE",61000,34,28,28,-1,-2,-2,"",0.000,0.200,11.80,78.000,1,7.55,7.952,"1:01",5.083,"se",0,"",1,"m",17,99,"","",0,"","","",0,""
600,"Anna","Sturk","Anna Sturk","F","SE","","","",";","Gotaleden Stafett & Ultra","Kvinnor","Ultra 75 km","Ultra 75 km","Mål",20,1,"TIME","","","2026-05-09T17:20:17.0100000",37217100,"10:20:18",37217100,"10:20:18",37217100,"2026-05-09T17:20:17.0100000",37217100,"10:20:18",37217100,"10:20:18",37217100,117,17776000,"4:56:16",0,21,11182000,"3:06:22",0,21,11182000,"3:06:22",0,"2026-05-09T07:00:00.000000","07:00:00","","","SWE",65000,52,8,8,-4,0,0,"",0.000,0.200,11.08,78.000,1,7.54,7.953,"1:05",5.417,"se",0,"",1,"f",17,99,"","",0,"","","",0,""
698,"Andreas","Lundgren","Andreas Lundgren","M","SE","","","",";","Gotaleden Stafett & Ultra","Män","Ultra 75 km","Ultra 75 km","Mål",20,1,"TIME","","","2026-05-09T17:23:05.4300000",37385500,"10:23:06",37385500,"10:23:06",37385500,"2026-05-09T17:23:05.4300000",37385500,"10:23:06",37385500,"10:23:06",37385500,118,17944000,"4:59:04",0,97,17944000,"4:59:04",0,97,17944000,"4:59:04",0,"2026-05-09T07:00:00.000000","07:00:00","","","SWE",62000,39,33,33,-2,-2,-2,"",0.000,0.200,11.61,78.000,1,7.51,7.988,"1:02",5.167,"se",0,"",1,"m",17,99,"","",0,"","","",0,""
530,"Daniel","Ångman","Daniel Ångman","M","SE","","","",";","Gotaleden Stafett & Ultra","Män","Ultra 75 km","Ultra 75 km","Mål",20,1,"TIME","","","2026-05-09T17:23:50.4900000",37430500,"10:23:51",37430500,"10:23:51",37430500,"2026-05-09T17:23:50.4900000",37430500,"10:23:51",37430500,"10:23:51",37430500,119,17989000,"4:59:49",0,98,17989000,"4:59:49",0,98,17989000,"4:59:49",0,"2026-05-09T07:00:00.000000","07:00:00","","","SWE",79000,147,116,116,-2,-2,-2,"",0.000,0.200,9.11,78.000,1,7.50,7.998,"1:19",6.583,"se",0,"",1,"m",17,99,"","",0,"","","",0,""
764,"Jan","Wikström","Jan Wikström","M","SE","","","",";","Gotaleden Stafett & Ultra","Män","Ultra 75 km","Ultra 75 km","Mål",20,1,"TIME","","","2026-05-09T17:24:29.3600000",37469400,"10:24:30",37469400,"10:24:30",37469400,"2026-05-09T17:24:29.3600000",37469400,"10:24:30",37469400,"10:24:30",37469400,120,18028000,"5:00:28",0,99,18028000,"5:00:28",0,99,18028000,"5:00:28",0,"2026-05-09T07:00:00.000000","07:00:00","","","SWE",77000,134,105,105,-1,-1,-1,"",0.000,0.200,9.35,78.000,1,7.49,8.006,"1:17",6.417,"se",0,"",1,"m",17,99,"","",0,"","","",0,""
763,"Martin","Collberg","Martin Collberg","M","SE","","","",";","Gotaleden Stafett & Ultra","Män","Ultra 75 km","Ultra 75 km","Mål",20,1,"TIME","","","2026-05-09T17:24:30.3300000",37470400,"10:24:31",37470400,"10:24:31",37470400,"2026-05-09T17:24:30.3300000",37470400,"10:24:31",37470400,"10:24:31",37470400,121,18029000,"5:00:29",0,100,18029000,"5:00:29",0,100,18029000,"5:00:29",0,"2026-05-09T07:00:00.000000","07:00:00","","","SWE",78000,141,111,111,-3,-3,-3,"",0.000,0.200,9.23,78.000,1,7.49,8.007,"1:18",6.500,"se",0,"",1,"m",17,99,"","",0,"","","",0,""
566,"Martin","Stupak","Martin Stupak","M","SE","","","",";","Gotaleden Stafett & Ultra","Män","Ultra 75 km","Ultra 75 km","Mål",20,1,"TIME","","","2026-05-09T17:25:10.4300000",37510500,"10:25:11",37510500,"10:25:11",37510500,"2026-05-09T17:25:10.4300000",37510500,"10:25:11",37510500,"10:25:11",37510500,122,18069000,"5:01:09",0,101,18069000,"5:01:09",0,101,18069000,"5:01:09",0,"2026-05-09T07:00:00.000000","07:00:00","","","SWE",73000,113,86,86,-2,-2,-2,"",0.000,0.200,9.86,78.000,1,7.49,8.015,"1:13",6.083,"se",0,"",1,"m",17,99,"","",0,"","","",0,""
513,"Marina","Becher","Marina Becher","F","SE","","","",";","Gotaleden Stafett & Ultra","Kvinnor","Ultra 75 km","Ultra 75 km","Mål",20,1,"TIME","","","2026-05-09T17:25:44.2800000",37544300,"10:25:45",37544300,"10:25:45",37544300,"2026-05-09T17:25:44.2800000",37544300,"10:25:45",37544300,"10:25:45",37544300,123,18103000,"5:01:43",0,22,11509000,"3:11:49",0,22,11509000,"3:11:49",0,"2026-05-09T07:00:00.000000","07:00:00","","","SWE",71000,88,21,21,-2,0,0,"",0.000,0.200,10.14,78.000,1,7.48,8.022,"1:11",5.917,"se",0,"",1,"f",17,99,"101 491 766 84","",0,"","","",0,""
688,"Richard","Sandblom","Richard Sandblom","M","SE","","","",";","Gotaleden Stafett & Ultra","Män","Ultra 75 km","Ultra 75 km","Mål",20,1,"TIME","","","2026-05-09T17:27:32.7500000",37652800,"10:27:33",37652800,"10:27:33",37652800,"2026-05-09T17:27:32.7500000",37652800,"10:27:33",37652800,"10:27:33",37652800,124,18211000,"5:03:31",0,102,18211000,"5:03:31",0,102,18211000,"5:03:31",0,"2026-05-09T07:00:00.000000","07:00:00","","","SWE",84000,163,129,129,-2,-2,-2,"",0.000,0.200,8.57,78.000,1,7.46,8.045,"1:24",7.000,"se",0,"",1,"m",17,99,"","",0,"","","",0,""
780,"Jan","Svennblad","Jan Svennblad","M","SE","","","",";","Gotaleden Stafett & Ultra","Män","Ultra 75 km","Ultra 75 km","Mål",20,1,"TIME","","","2026-05-09T17:28:32.3000000",37712300,"10:28:33",37712300,"10:28:33",37712300,"2026-05-09T17:28:32.3000000",37712300,"10:28:33",37712300,"10:28:33",37712300,125,18271000,"5:04:31",0,103,18271000,"5:04:31",0,103,18271000,"5:04:31",0,"2026-05-09T07:00:00.000000","07:00:00","","","SWE",58000,19,16,16,-1,-1,-1,"",0.000,0.200,12.41,78.000,1,7.45,8.058,"0:58",4.833,"se",0,"",1,"m",17,99,"","",0,"","","",0,""
636,"Leif","Karlsson","Leif Karlsson","M","SE","","","",";","Gotaleden Stafett & Ultra","Män","Ultra 75 km","Ultra 75 km","Mål",20,1,"TIME","","","2026-05-09T17:28:47.5400000",37727600,"10:28:48",37727600,"10:28:48",37727600,"2026-05-09T17:28:47.5400000",37727600,"10:28:48",37727600,"10:28:48",37727600,126,18286000,"5:04:46",0,104,18286000,"5:04:46",0,104,18286000,"5:04:46",0,"2026-05-09T07:00:00.000000","07:00:00","","","SWE",76000,131,102,102,-3,-3,-3,"",0.000,0.200,9.47,78.000,1,7.44,8.061,"1:16",6.333,"se",0,"",1,"m",17,99,"","",0,"","","",0,""
604,"Albert Serra","Dalmau","Albert Serra Dalmau","M","ES","","","",";","Gotaleden Stafett & Ultra","Män","Ultra 75 km","Ultra 75 km","Mål",20,1,"TIME","","","2026-05-09T17:28:58.8300000",37738900,"10:28:59",37738900,"10:28:59",37738900,"2026-05-09T17:28:58.8300000",37738900,"10:28:59",37738900,"10:28:59",37738900,127,18297000,"5:04:57",0,105,18297000,"5:04:57",0,105,18297000,"5:04:57",0,"2026-05-09T07:00:00.000000","07:00:00","","","ESP",66000,57,48,48,-2,-2,-2,"",0.000,0.200,10.91,78.000,1,7.44,8.064,"1:06",5.500,"es",0,"",1,"m",17,99,"","",0,"","","",0,""
623,"Mattias","Gustafsson","Mattias Gustafsson","M","SE","","","",";","Gotaleden Stafett & Ultra","Män","Ultra 75 km","Ultra 75 km","Mål",20,1,"TIME","","","2026-05-09T17:29:12.0600000",37752100,"10:29:13",37752100,"10:29:13",37752100,"2026-05-09T17:29:12.0600000",37752100,"10:29:13",37752100,"10:29:13",37752100,128,18311000,"5:05:11",0,106,18311000,"5:05:11",0,106,18311000,"5:05:11",0,"2026-05-09T07:00:00.000000","07:00:00","","","SWE",50000,8,8,8,-1,-1,-1,"",0.000,0.200,14.4,78.000,1,7.44,8.067,"0:50",4.167,"se",0,"",1,"m",17,99,"","",0,"","","",0,""
771,"Mathias","Luoto","Mathias Luoto","M","SE","","","",";","Gotaleden Stafett & Ultra","Män","Ultra 75 km","Ultra 75 km","Mål",20,1,"TIME","","","2026-05-09T17:29:17.7000000",37757700,"10:29:18",37757700,"10:29:18",37757700,"2026-05-09T17:29:17.7000000",37757700,"10:29:18",37757700,"10:29:18",37757700,129,18316000,"5:05:16",0,107,18316000,"5:05:16",0,107,18316000,"5:05:16",0,"2026-05-09T07:00:00.000000","07:00:00","","","SWE",78000,141,111,111,-3,-3,-3,"",0.000,0.200,9.23,78.000,1,7.44,8.068,"1:18",6.500,"se",0,"",1,"m",17,99,"","",0,"","","",0,""
591,"Dejan","Spasenoski","Dejan Spasenoski","M","SE","","","",";","Gotaleden Stafett & Ultra","Män","Ultra 75 km","Ultra 75 km","Mål",20,1,"TIME","","","2026-05-09T17:32:13.8800000",37933900,"10:32:14",37933900,"10:32:14",37933900,"2026-05-09T17:32:13.8800000",37933900,"10:32:14",37933900,"10:32:14",37933900,130,18492000,"5:08:12",0,108,18492000,"5:08:12",0,108,18492000,"5:08:12",0,"2026-05-09T07:00:00.000000","07:00:00","","","SWE",88000,171,137,137,-2,-2,-2,"",0.000,0.200,8.18,78.000,1,7.40,8.106,"1:28",7.333,"se",0,"",1,"m",17,99,"","",0,"","","",0,""
729,"Ragnar","Bergvik","Ragnar Bergvik","M","SE","","","",";","Gotaleden Stafett & Ultra","Män","Ultra 75 km","Ultra 75 km","Mål",20,1,"TIME","","","2026-05-09T17:33:10.1900000",37990200,"10:33:11",37990200,"10:33:11",37990200,"2026-05-09T17:33:10.1900000",37990200,"10:33:11",37990200,"10:33:11",37990200,131,18549000,"5:09:09",0,109,18549000,"5:09:09",0,109,18549000,"5:09:09",0,"2026-05-09T07:00:00.000000","07:00:00","","","SWE",72000,99,76,76,-2,-2,-2,"",0.000,0.200,10.00,78.000,1,7.39,8.118,"1:12",6.000,"se",0,"",1,"m",17,99,"","",0,"","","",0,""
677,"Viktor","Finn","Viktor Finn","M","SE","","","",";","Gotaleden Stafett & Ultra","Män","Ultra 75 km","Ultra 75 km","Mål",20,1,"TIME","","","2026-05-09T17:33:11.7800000",37991800,"10:33:12",37991800,"10:33:12",37991800,"2026-05-09T17:33:11.7800000",37991800,"10:33:12",37991800,"10:33:12",37991800,132,18550000,"5:09:10",0,110,18550000,"5:09:10",0,110,18550000,"5:09:10",0,"2026-05-09T07:00:00.000000","07:00:00","","","SWE",72000,99,76,76,-2,-2,-2,"",0.000,0.200,10.00,78.000,1,7.39,8.118,"1:12",6.000,"se",0,"",1,"m",17,99,"","",0,"","","",0,""
549,"Jennifer","Ekholm","Jennifer Ekholm","F","SE","","","",";","Gotaleden Stafett & Ultra","Kvinnor","Ultra 75 km","Ultra 75 km","Mål",20,1,"TIME","","","2026-05-09T17:33:44.6400000",38024700,"10:33:45",38024700,"10:33:45",38024700,"2026-05-09T17:33:44.6400000",38024700,"10:33:45",38024700,"10:33:45",38024700,133,18583000,"5:09:43",0,23,11989000,"3:19:49",0,23,11989000,"3:19:49",0,"2026-05-09T07:00:00.000000","07:00:00","","","SWE",68000,64,13,13,-2,0,0,"",0.000,0.200,10.59,78.000,1,7.38,8.125,"1:08",5.667,"se",0,"",1,"f",17,99,"","",0,"","","",0,""
541,"Jari","Orava","Jari Orava","M","SE","","","",";","Gotaleden Stafett & Ultra","Män","Ultra 75 km","Ultra 75 km","Mål",20,1,"TIME","","","2026-05-09T17:33:54.2200000",38034300,"10:33:55",38034300,"10:33:55",38034300,"2026-05-09T17:33:54.2200000",38034300,"10:33:55",38034300,"10:33:55",38034300,134,18593000,"5:09:53",0,111,18593000,"5:09:53",0,111,18593000,"5:09:53",0,"2026-05-09T07:00:00.000000","07:00:00","","","SWE",74000,117,90,90,-2,-2,-2,"",0.000,0.200,9.73,78.000,1,7.38,8.127,"1:14",6.167,"se",0,"",1,"m",17,99,"","",0,"","","",0,""
570,"Patrik","Olsson","Patrik Olsson","M","SE","","","",";","Gotaleden Stafett & Ultra","Män","Ultra 75 km","Ultra 75 km","Mål",20,1,"TIME","","","2026-05-09T17:33:54.6400000",38034700,"10:33:55",38034700,"10:33:55",38034700,"2026-05-09T17:33:54.6400000",38034700,"10:33:55",38034700,"10:33:55",38034700,135,18593000,"5:09:53",0,112,18593000,"5:09:53",0,112,18593000,"5:09:53",0,"2026-05-09T07:00:00.000000","07:00:00","","","SWE",73000,113,86,86,-2,-2,-2,"",0.000,0.200,9.86,78.000,1,7.38,8.127,"1:13",6.083,"se",0,"",1,"m",17,99,"","",0,"","","",0,""
735,"Linda","Ivansson","Linda Ivansson","F","SE","","","",";","Gotaleden Stafett & Ultra","Kvinnor","Ultra 75 km","Ultra 75 km","Mål",20,1,"TIME","","","2026-05-09T17:33:55.9600000",38036000,"10:33:56",38036000,"10:33:56",38036000,"2026-05-09T17:33:55.9600000",38036000,"10:33:56",38036000,"10:33:56",38036000,136,18595000,"5:09:55",0,24,12001000,"3:20:01",0,24,12001000,"3:20:01",0,"2026-05-09T07:00:00.000000","07:00:00","","","SWE",74000,117,28,28,-2,0,0,"",0.000,0.200,9.73,78.000,1,7.38,8.128,"1:14",6.167,"se",0,"",1,"f",17,99,"","",0,"","","",0,""
583,"Maria","Kahlmeter","Maria Kahlmeter","F","SE","","","",";","Gotaleden Stafett & Ultra","Kvinnor","Ultra 75 km","Ultra 75 km","Mål",20,1,"TIME","","","2026-05-09T17:35:06.0700000",38106100,"10:35:07",38106100,"10:35:07",38106100,"2026-05-09T17:35:06.0700000",38106100,"10:35:07",38106100,"10:35:07",38106100,137,18665000,"5:11:05",0,25,12071000,"3:21:11",0,25,12071000,"3:21:11",0,"2026-05-09T07:00:00.000000","07:00:00","","","SWE",66000,57,10,10,-2,0,0,"",0.000,0.200,10.91,78.000,1,7.37,8.142,"1:06",5.500,"se",0,"",1,"f",17,99,"","",0,"","","",0,""
655,"Martin","Guirguis Söderstrand","Martin Guirguis Söderstrand","M","SE","","","",";","Gotaleden Stafett & Ultra","Män","Ultra 75 km","Ultra 75 km","Mål",20,1,"TIME","","","2026-05-09T17:36:01.8200000",38161900,"10:36:02",38161900,"10:36:02",38161900,"2026-05-09T17:36:01.8200000",38161900,"10:36:02",38161900,"10:36:02",38161900,138,18720000,"5:12:00",0,113,18720000,"5:12:00",0,113,18720000,"5:12:00",0,"2026-05-09T07:00:00.000000","07:00:00","","","SWE",76000,131,102,102,-2,-2,-2,"",0.000,0.200,9.47,78.000,1,7.36,8.154,"1:16",6.333,"se",0,"",1,"m",17,99,"","",0,"","","",0,""
701,"Kajsa","Johansson","Kajsa Johansson","F","SE","","","",";","Gotaleden Stafett & Ultra","Kvinnor","Ultra 75 km","Ultra 75 km","Mål",20,1,"TIME","","","2026-05-09T17:36:32.6000000",38192600,"10:36:33",38192600,"10:36:33",38192600,"2026-05-09T17:36:32.6000000",38192600,"10:36:33",38192600,"10:36:33",38192600,139,18751000,"5:12:31",0,26,12157000,"3:22:37",0,26,12157000,"3:22:37",0,"2026-05-09T07:00:00.000000","07:00:00","","","SWE",71000,88,21,21,-2,0,0,"",0.000,0.200,10.14,78.000,1,7.35,8.161,"1:11",5.917,"se",0,"",1,"f",17,99,"","",0,"","","",0,""
555,"Johan","Svennung","Johan Svennung","M","SE","","","",";","Gotaleden Stafett & Ultra","Män","Ultra 75 km","Ultra 75 km","Mål",20,1,"TIME","","","2026-05-09T17:39:13.8600000",38353900,"10:39:14",38353900,"10:39:14",38353900,"2026-05-09T17:39:13.8600000",38353900,"10:39:14",38353900,"10:39:14",38353900,140,18912000,"5:15:12",0,114,18912000,"5:15:12",0,114,18912000,"5:15:12",0,"2026-05-09T07:00:00.000000","07:00:00","","","SWE",71000,88,68,68,-2,-2,-2,"",0.000,0.200,10.14,78.000,1,7.32,8.195,"1:11",5.917,"se",0,"",1,"m",17,99,"","",0,"","","",0,""
772,"Marcus","Hallenberg","Marcus Hallenberg","M","SE","","","",";","Gotaleden Stafett & Ultra","Män","Ultra 75 km","Ultra 75 km","Mål",20,1,"TIME","","","2026-05-09T17:39:52.8900000",38392900,"10:39:53",38392900,"10:39:53",38392900,"2026-05-09T17:39:52.8900000",38392900,"10:39:53",38392900,"10:39:53",38392900,141,18951000,"5:15:51",0,115,18951000,"5:15:51",0,115,18951000,"5:15:51",0,"2026-05-09T07:00:00.000000","07:00:00","","","SWE",71000,88,68,68,-2,-2,-2,"",0.000,0.200,10.14,78.000,1,7.31,8.204,"1:11",5.917,"se",0,"",1,"m",17,99,"","",0,"","","",0,""
676,"Gunilla","Kidmark","Gunilla Kidmark","F","SE","","","",";","Gotaleden Stafett & Ultra","Kvinnor","Ultra 75 km","Ultra 75 km","Mål",20,1,"TIME","","","2026-05-09T17:42:34.5400000",38554600,"10:42:35",38554600,"10:42:35",38554600,"2026-05-09T17:42:34.5400000",38554600,"10:42:35",38554600,"10:42:35",38554600,142,19113000,"5:18:33",0,27,12519000,"3:28:39",0,27,12519000,"3:28:39",0,"2026-05-09T07:00:00.000000","07:00:00","","","SWE",81000,157,33,33,-2,0,0,"",0.000,0.200,8.89,78.000,1,7.28,8.238,"1:21",6.750,"se",0,"",1,"f",17,99,"","",0,"","","",0,""
653,"Anders","Nilsson","Anders Nilsson","M","SE","","","",";","Gotaleden Stafett & Ultra","Män","Ultra 75 km","Ultra 75 km","Mål",20,1,"TIME","","","2026-05-09T17:42:35.1200000",38555200,"10:42:36",38555200,"10:42:36",38555200,"2026-05-09T17:42:35.1200000",38555200,"10:42:36",38555200,"10:42:36",38555200,143,19114000,"5:18:34",0,116,19114000,"5:18:34",0,116,19114000,"5:18:34",0,"2026-05-09T07:00:00.000000","07:00:00","","","SWE",82000,161,127,127,-2,-2,-2,"",0.000,0.200,8.78,78.000,1,7.28,8.238,"1:22",6.833,"se",0,"",1,"m",17,99,"","",0,"","","",0,""
723,"Jerry","Bärnsten","Jerry Bärnsten","M","SE","","","",";","Gotaleden Stafett & Ultra","Män","Ultra 75 km","Ultra 75 km","Mål",20,1,"TIME","","","2026-05-09T17:46:25.4100000",38785500,"10:46:26",38785500,"10:46:26",38785500,"2026-05-09T17:46:25.4100000",38785500,"10:46:26",38785500,"10:46:26",38785500,144,19344000,"5:22:24",0,117,19344000,"5:22:24",0,117,19344000,"5:22:24",0,"2026-05-09T07:00:00.000000","07:00:00","","","SWE",86000,167,133,133,-1,-1,-1,"",0.000,0.200,8.37,78.000,1,7.24,8.288,"1:26",7.167,"se",0,"",1,"m",17,99,"","",0,"","","",0,""
665,"Johan","Wagner","Johan Wagner","M","SE","","","",";","Gotaleden Stafett & Ultra","Män","Ultra 75 km","Ultra 75 km","Mål",20,1,"TIME","","","2026-05-09T17:46:25.9500000",38786000,"10:46:26",38786000,"10:46:26",38786000,"2026-05-09T17:46:25.9500000",38786000,"10:46:26",38786000,"10:46:26",38786000,145,19345000,"5:22:25",0,118,19345000,"5:22:25",0,118,19345000,"5:22:25",0,"2026-05-09T07:00:00.000000","07:00:00","","","SWE",88000,171,137,137,-3,-3,-3,"",0.000,0.200,8.18,78.000,1,7.24,8.288,"1:28",7.333,"se",0,"",1,"m",17,99,"","",0,"","","",0,""
706,"Fredrik","Dolff","Fredrik Dolff","M","SE","","","",";","Gotaleden Stafett & Ultra","Män","Ultra 75 km","Ultra 75 km","Mål",20,1,"TIME","","","2026-05-09T17:47:09.8100000",38829900,"10:47:10",38829900,"10:47:10",38829900,"2026-05-09T17:47:09.8100000",38829900,"10:47:10",38829900,"10:47:10",38829900,146,19388000,"5:23:08",0,119,19388000,"5:23:08",0,119,19388000,"5:23:08",0,"2026-05-09T07:00:00.000000","07:00:00","","","SWE",87000,169,135,135,-2,-2,-2,"",0.000,0.200,8.28,78.000,1,7.23,8.297,"1:27",7.250,"se",0,"",1,"m",17,99,"","",0,"","","",0,""
740,"André","Sahlsten","André Sahlsten","M","SE","","","",";","Gotaleden Stafett & Ultra","Män","Ultra 75 km","Ultra 75 km","Mål",20,1,"TIME","","","2026-05-09T17:49:53.7700000",38993800,"10:49:54",38993800,"10:49:54",38993800,"2026-05-09T17:49:53.7700000",38993800,"10:49:54",38993800,"10:49:54",38993800,147,19552000,"5:25:52",0,120,19552000,"5:25:52",0,120,19552000,"5:25:52",0,"2026-05-09T07:00:00.000000","07:00:00","","","SWE",75000,125,96,96,-2,-2,-2,"",0.000,0.200,9.6,78.000,1,7.20,8.332,"1:15",6.250,"se",0,"",1,"m",17,99,"","",0,"","","",0,""
537,"Linus","Marton","Linus Marton","M","SE","","","",";","Gotaleden Stafett & Ultra","Män","Ultra 75 km","Ultra 75 km","Mål",20,1,"TIME","","","2026-05-09T17:50:53.8600000",39053900,"10:50:54",39053900,"10:50:54",39053900,"2026-05-09T17:50:53.8600000",39053900,"10:50:54",39053900,"10:50:54",39053900,148,19612000,"5:26:52",0,121,19612000,"5:26:52",0,121,19612000,"5:26:52",0,"2026-05-09T07:00:00.000000","07:00:00","","","SWE",72000,99,76,76,-2,-2,-2,"",0.000,0.200,10.00,78.000,1,7.19,8.345,"1:12",6.000,"se",0,"",1,"m",17,99,"","",0,"","","",0,""
560,"Rosie","Selgerudh","Rosie Selgerudh","F","SE","","","",";","Gotaleden Stafett & Ultra","Kvinnor","Ultra 75 km","Ultra 75 km","Mål",20,1,"TIME","","","2026-05-09T17:50:54.2400000",39054300,"10:50:55",39054300,"10:50:55",39054300,"2026-05-09T17:50:54.2400000",39054300,"10:50:55",39054300,"10:50:55",39054300,149,19613000,"5:26:53",0,28,13019000,"3:36:59",0,28,13019000,"3:36:59",0,"2026-05-09T07:00:00.000000","07:00:00","","","SWE",69000,72,15,15,-2,0,0,"",0.000,0.200,10.43,78.000,1,7.19,8.345,"1:09",5.750,"se",0,"",1,"f",17,99,"","",0,"","","",0,""
531,"Eliska","Omara","Eliska Omara","F","SK","","","",";","Gotaleden Stafett & Ultra","Kvinnor","Ultra 75 km","Ultra 75 km","Mål",20,1,"TIME","","","2026-05-09T17:50:54.8600000",39054900,"10:50:55",39054900,"10:50:55",39054900,"2026-05-09T17:50:54.8600000",39054900,"10:50:55",39054900,"10:50:55",39054900,150,19613000,"5:26:53",0,29,13019000,"3:36:59",0,29,13019000,"3:36:59",0,"2026-05-09T07:00:00.000000","07:00:00","","","SVK",69000,72,15,15,-2,0,0,"",0.000,0.200,10.43,78.000,1,7.19,8.345,"1:09",5.750,"sk",0,"",1,"f",17,99,"","",0,"","","",0,""
695,"Anders","Josefsson","Anders Josefsson","M","SE","","","",";","Gotaleden Stafett & Ultra","Män","Ultra 75 km","Ultra 75 km","Mål",20,1,"TIME","","","2026-05-09T17:53:18.2400000",39198300,"10:53:19",39198300,"10:53:19",39198300,"2026-05-09T17:53:18.2400000",39198300,"10:53:19",39198300,"10:53:19",39198300,151,19757000,"5:29:17",0,122,19757000,"5:29:17",0,122,19757000,"5:29:17",0,"2026-05-09T07:00:00.000000","07:00:00","","","SWE",74000,117,90,90,-2,-2,-2,"",0.000,0.200,9.73,78.000,1,7.16,8.376,"1:14",6.167,"se",0,"",1,"m",17,99,"","",0,"","","",0,""
613,"Daniel","Von Bargen","Daniel Von Bargen","M","SE","","","",";","Gotaleden Stafett & Ultra","Män","Ultra 75 km","Ultra 75 km","Mål",20,1,"TIME","","","2026-05-09T17:53:31.8900000",39211900,"10:53:32",39211900,"10:53:32",39211900,"2026-05-09T17:53:31.8900000",39211900,"10:53:32",39211900,"10:53:32",39211900,152,19770000,"5:29:30",0,123,19770000,"5:29:30",0,123,19770000,"5:29:30",0,"2026-05-09T07:00:00.000000","07:00:00","","","SWE",78000,141,111,111,-2,-2,-2,"",0.000,0.200,9.23,78.000,1,7.16,8.379,"1:18",6.500,"se",0,"",1,"m",17,99,"","",0,"","","",0,""
689,"Martin","Nordlund","Martin Nordlund","M","SE","","","",";","Gotaleden Stafett & Ultra","Män","Ultra 75 km","Ultra 75 km","Mål",20,1,"TIME","","","2026-05-09T17:54:02.8700000",39242900,"10:54:03",39242900,"10:54:03",39242900,"2026-05-09T17:54:02.8700000",39242900,"10:54:03",39242900,"10:54:03",39242900,153,19801000,"5:30:01",0,124,19801000,"5:30:01",0,124,19801000,"5:30:01",0,"2026-05-09T07:00:00.000000","07:00:00","","","SWE",84000,163,129,129,-2,-2,-2,"",0.000,0.200,8.57,78.000,1,7.16,8.385,"1:24",7.000,"se",0,"",1,"m",17,99,"","",0,"","","",0,""
634,"Simon","Holm","Simon Holm","M","SE","","","",";","Gotaleden Stafett & Ultra","Män","Ultra 75 km","Ultra 75 km","Mål",20,1,"TIME","","","2026-05-09T17:55:49.0900000",39349100,"10:55:50",39349100,"10:55:50",39349100,"2026-05-09T17:55:49.0900000",39349100,"10:55:50",39349100,"10:55:50",39349100,154,19908000,"5:31:48",0,125,19908000,"5:31:48",0,125,19908000,"5:31:48",0,"2026-05-09T07:00:00.000000","07:00:00","","","SWE",88000,171,137,137,-2,-2,-2,"",0.000,0.200,8.18,78.000,1,7.14,8.408,"1:28",7.333,"se",0,"",1,"m",17,99,"","",0,"","","",0,""
720,"Ida","Edvinsson","Ida Edvinsson","F","SE","","","",";","Gotaleden Stafett & Ultra","Kvinnor","Ultra 75 km","Ultra 75 km","Mål",20,1,"TIME","","","2026-05-09T17:56:33.3000000",39393300,"10:56:34",39393300,"10:56:34",39393300,"2026-05-09T17:56:33.3000000",39393300,"10:56:34",39393300,"10:56:34",39393300,155,19952000,"5:32:32",0,30,13358000,"3:42:38",0,30,13358000,"3:42:38",0,"2026-05-09T07:00:00.000000","07:00:00","","","SWE",88000,171,35,35,-2,0,0,"",0.000,0.200,8.18,78.000,1,7.13,8.417,"1:28",7.333,"se",0,"",1,"f",17,99,"","",0,"","","",0,""
539,"Tommy","Carlsson","Tommy Carlsson","M","SE","","","",";","Gotaleden Stafett & Ultra","Män","Ultra 75 km","Ultra 75 km","Mål",20,1,"TIME","","","2026-05-09T18:01:19.0700000",39679100,"11:01:20",39679100,"11:01:20",39679100,"2026-05-09T18:01:19.0700000",39679100,"11:01:20",39679100,"11:01:20",39679100,156,20238000,"5:37:18",0,126,20238000,"5:37:18",0,126,20238000,"5:37:18",0,"2026-05-09T07:00:00.000000","07:00:00","","","SWE",69000,72,58,58,0,-1,-1,"",0.000,0.200,10.43,78.000,1,7.08,8.479,"1:09",5.750,"se",0,"",1,"m",17,99,"","",0,"","","",0,""
615,"Sofia","Kay","Sofia Kay","F","SE","","","",";","Gotaleden Stafett & Ultra","Kvinnor","Ultra 75 km","Ultra 75 km","Mål",20,1,"TIME","","","2026-05-09T18:01:19.6300000",39679700,"11:01:20",39679700,"11:01:20",39679700,"2026-05-09T18:01:19.6300000",39679700,"11:01:20",39679700,"11:01:20",39679700,157,20238000,"5:37:18",0,31,13644000,"3:47:24",0,31,13644000,"3:47:24",0,"2026-05-09T07:00:00.000000","07:00:00","","","SWE",70000,80,17,17,-3,0,0,"",0.000,0.200,10.29,78.000,1,7.08,8.479,"1:10",5.833,"se",0,"",1,"f",17,99,"","",0,"","","",0,""
742,"Magnus","Kristiansson","Magnus Kristiansson","M","SE","","","",";","Gotaleden Stafett & Ultra","Män","Ultra 75 km","Ultra 75 km","Mål",20,1,"TIME","","","2026-05-09T18:01:20.4800000",39680500,"11:01:21",39680500,"11:01:21",39680500,"2026-05-09T18:01:20.4800000",39680500,"11:01:21",39680500,"11:01:21",39680500,158,20239000,"5:37:19",0,127,20239000,"5:37:19",0,127,20239000,"5:37:19",0,"2026-05-09T07:00:00.000000","07:00:00","","","SWE",71000,88,68,68,-3,-3,-3,"",0.000,0.200,10.14,78.000,1,7.08,8.479,"1:11",5.917,"se",0,"",1,"m",17,99,"","",0,"","","",0,""
758,"Paramath","Kidsom","Paramath Kidsom","M","SE","","","",";","Gotaleden Stafett & Ultra","Män","Ultra 75 km","Ultra 75 km","Mål",20,1,"TIME","","","2026-05-09T18:06:11.8800000",39971900,"11:06:12",39971900,"11:06:12",39971900,"2026-05-09T18:06:11.8800000",39971900,"11:06:12",39971900,"11:06:12",39971900,159,20530000,"5:42:10",0,128,20530000,"5:42:10",0,128,20530000,"5:42:10",0,"2026-05-09T07:00:00.000000","07:00:00","","","SWE",74000,117,90,90,-2,-2,-2,"",0.000,0.200,9.73,78.000,1,7.03,8.541,"1:14",6.167,"se",0,"",1,"m",17,99,"","",0,"","","",0,""
710,"Julie","Colin","Julie Colin","F","SE","","","",";","Gotaleden Stafett & Ultra","Kvinnor","Ultra 75 km","Ultra 75 km","Mål",20,1,"TIME","","","2026-05-09T18:08:01.7900000",40081800,"11:08:02",40081800,"11:08:02",40081800,"2026-05-09T18:08:01.7900000",40081800,"11:08:02",40081800,"11:08:02",40081800,160,20640000,"5:44:00",0,32,14046000,"3:54:06",0,32,14046000,"3:54:06",0,"2026-05-09T07:00:00.000000","07:00:00","","","SWE",77000,134,30,30,-2,0,0,"",0.000,0.200,9.35,78.000,1,7.01,8.564,"1:17",6.417,"se",0,"",1,"f",17,99,"","",0,"","","",0,""
648,"Gisela","Glaffey","Gisela Glaffey","F","SE","","","",";","Gotaleden Stafett & Ultra","Kvinnor","Ultra 75 km","Ultra 75 km","Mål",20,1,"TIME","","","2026-05-09T18:08:49.8400000",40129900,"11:08:50",40129900,"11:08:50",40129900,"2026-05-09T18:08:49.8400000",40129900,"11:08:50",40129900,"11:08:50",40129900,161,20688000,"5:44:48",0,33,14094000,"3:54:54",0,33,14094000,"3:54:54",0,"2026-05-09T07:00:00.000000","07:00:00","","","SWE",68000,64,13,13,-2,0,0,"",0.000,0.200,10.59,78.000,1,7.00,8.575,"1:08",5.667,"se",0,"",1,"f",17,99,"","",0,"","","",0,""
637,"Mathias","Nilsson","Mathias Nilsson","M","SE","","","",";","Gotaleden Stafett & Ultra","Män","Ultra 75 km","Ultra 75 km","Mål",20,1,"TIME","","","2026-05-09T18:08:49.8400000",40129900,"11:08:50",40129900,"11:08:50",40129900,"2026-05-09T18:08:49.8400000",40129900,"11:08:50",40129900,"11:08:50",40129900,161,20688000,"5:44:48",0,129,20688000,"5:44:48",0,129,20688000,"5:44:48",0,"2026-05-09T07:00:00.000000","07:00:00","","","SWE",68000,64,52,52,-2,-2,-2,"",0.000,0.200,10.59,78.000,1,7.00,8.575,"1:08",5.667,"se",0,"",1,"m",17,99,"","",0,"","","",0,""
567,"Dennis Vincent","Wahlqvist","Dennis Vincent Wahlqvist","M","SE","","","",";","Gotaleden Stafett & Ultra","Män","Ultra 75 km","Ultra 75 km","Mål",20,1,"TIME","","","2026-05-09T18:12:48.8700000",40368900,"11:12:49",40368900,"11:12:49",40368900,"2026-05-09T18:12:48.8700000",40368900,"11:12:49",40368900,"11:12:49",40368900,163,20927000,"5:48:47",0,130,20927000,"5:48:47",0,130,20927000,"5:48:47",0,"2026-05-09T07:00:00.000000","07:00:00","","","SWE",117000,196,155,155,-2,-2,-2,"",0.000,0.200,6.15,78.000,1,6.96,8.626,"1:57",9.750,"se",0,"",1,"m",17,99,"","",0,"","","",0,""
703,"Gunnar","Skaven","Gunnar Skaven","M","SE","","","",";","Gotaleden Stafett & Ultra","Män","Ultra 75 km","Ultra 75 km","Mål",20,1,"TIME","","","2026-05-09T18:13:18.3800000",40398400,"11:13:19",40398400,"11:13:19",40398400,"2026-05-09T18:13:18.3800000",40398400,"11:13:19",40398400,"11:13:19",40398400,164,20957000,"5:49:17",0,131,20957000,"5:49:17",0,131,20957000,"5:49:17",0,"2026-05-09T07:00:00.000000","07:00:00","","","SWE",101000,189,149,149,-2,-2,-2,"",0.000,0.200,7.13,78.000,1,6.95,8.632,"1:41",8.417,"se",0,"",1,"m",17,99,"","",0,"","","",0,""
608,"Fredrik","Almqvist","Fredrik Almqvist","M","SE","","","",";","Gotaleden Stafett & Ultra","Män","Ultra 75 km","Ultra 75 km","Mål",20,1,"TIME","","","2026-05-09T18:13:35.7200000",40415800,"11:13:36",40415800,"11:13:36",40415800,"2026-05-09T18:13:35.7200000",40415800,"11:13:36",40415800,"11:13:36",40415800,165,20974000,"5:49:34",0,132,20974000,"5:49:34",0,132,20974000,"5:49:34",0,"2026-05-09T07:00:00.000000","07:00:00","","","SWE",76000,131,102,102,-2,-2,-2,"",0.000,0.200,9.47,78.000,1,6.95,8.636,"1:16",6.333,"se",0,"",1,"m",17,99,"","",0,"","","",0,""
640,"Tommie","Heikkinen","Tommie Heikkinen","M","SE","","","",";","Gotaleden Stafett & Ultra","Män","Ultra 75 km","Ultra 75 km","Mål",20,1,"TIME","","","2026-05-09T18:14:16.8600000",40456900,"11:14:17",40456900,"11:14:17",40456900,"2026-05-09T18:14:16.8600000",40456900,"11:14:17",40456900,"11:14:17",40456900,166,21015000,"5:50:15",0,133,21015000,"5:50:15",0,133,21015000,"5:50:15",0,"2026-05-09T07:00:00.000000","07:00:00","","","SWE",98000,185,145,145,-2,-2,-2,"",0.000,0.200,7.35,78.000,1,6.94,8.645,"1:38",8.167,"se",0,"",1,"m",17,99,"","",0,"","","",0,""
724,"Tim","Heikkinen","Tim Heikkinen","M","SE","","","",";","Gotaleden Stafett & Ultra","Män","Ultra 75 km","Ultra 75 km","Mål",20,1,"TIME","","","2026-05-09T18:14:18.3600000",40458400,"11:14:19",40458400,"11:14:19",40458400,"2026-05-09T18:14:18.3600000",40458400,"11:14:19",40458400,"11:14:19",40458400,167,21017000,"5:50:17",0,134,21017000,"5:50:17",0,134,21017000,"5:50:17",0,"2026-05-09T07:00:00.000000","07:00:00","","","SWE",99000,187,147,147,-2,-2,-2,"",0.000,0.200,7.27,78.000,1,6.94,8.645,"1:39",8.250,"se",0,"",1,"m",17,99,"","",0,"","","",0,""
524,"Hjalmar","Fredin","Hjalmar Fredin","M","SE","","","",";","Gotaleden Stafett & Ultra","Män","Ultra 75 km","Ultra 75 km","Mål",20,1,"TIME","","","2026-05-09T18:15:11.8800000",40511900,"11:15:12",40511900,"11:15:12",40511900,"2026-05-09T18:15:11.8800000",40511900,"11:15:12",40511900,"11:15:12",40511900,168,21070000,"5:51:10",0,135,21070000,"5:51:10",0,135,21070000,"5:51:10",0,"2026-05-09T07:00:00.000000","07:00:00","","","SWE",107000,192,152,152,-2,-2,-2,"",0.000,0.200,6.73,78.000,1,6.93,8.656,"1:47",8.917,"se",0,"",1,"m",17,99,"","",0,"","","",0,""
557,"Rickard","Enfors","Rickard Enfors","M","SE","","","",";","Gotaleden Stafett & Ultra","Män","Ultra 75 km","Ultra 75 km","Mål",20,1,"TIME","","","2026-05-09T18:15:42.8100000",40542900,"11:15:43",40542900,"11:15:43",40542900,"2026-05-09T18:15:42.8100000",40542900,"11:15:43",40542900,"11:15:43",40542900,169,21101000,"5:51:41",0,136,21101000,"5:51:41",0,136,21101000,"5:51:41",0,"2026-05-09T07:00:00.000000","07:00:00","","","SWE",98000,185,145,145,-2,-2,-2,"",0.000,0.200,7.35,78.000,1,6.93,8.663,"1:38",8.167,"se",0,"",1,"m",17,99,"","",0,"","","",0,""
768,"Louise","Olow","Louise Olow","F","SE","","","",";","Gotaleden Stafett & Ultra","Kvinnor","Ultra 75 km","Ultra 75 km","Mål",20,1,"TIME","","","2026-05-09T18:18:40.8700000",40720900,"11:18:41",40720900,"11:18:41",40720900,"2026-05-09T18:18:40.8700000",40720900,"11:18:41",40720900,"11:18:41",40720900,170,21279000,"5:54:39",0,34,14685000,"4:04:45",0,34,14685000,"4:04:45",0,"2026-05-09T07:00:00.000000","07:00:00","","","SWE",91000,177,37,37,-2,0,0,"",0.000,0.200,7.91,78.000,1,6.90,8.701,"1:31",7.583,"se",0,"",1,"f",17,99,"","",0,"","","",0,""
700,"Kristofer","Wallmark","Kristofer Wallmark","M","SE","","","",";","Gotaleden Stafett & Ultra","Män","Ultra 75 km","Ultra 75 km","Mål",20,1,"TIME","","","2026-05-09T18:19:33.2300000",40773300,"11:19:34",40773300,"11:19:34",40773300,"2026-05-09T18:19:33.2300000",40773300,"11:19:34",40773300,"11:19:34",40773300,171,21332000,"5:55:32",0,137,21332000,"5:55:32",0,137,21332000,"5:55:32",0,"2026-05-09T07:00:00.000000","07:00:00","","","SWE",67000,59,49,49,-2,-2,-2,"",0.000,0.200,10.75,78.000,1,6.89,8.712,"1:07",5.583,"se",0,"",1,"m",17,99,"","",0,"","","",0,""
535,"Anders","Malm","Anders Malm","M","SE","","","",";","Gotaleden Stafett & Ultra","Män","Ultra 75 km","Ultra 75 km","Mål",20,1,"TIME","","","2026-05-09T18:25:51.0700000",41151100,"11:25:52",41151100,"11:25:52",41151100,"2026-05-09T18:25:51.0700000",41151100,"11:25:52",41151100,"11:25:52",41151100,172,21710000,"6:01:50",0,138,21710000,"6:01:50",0,138,21710000,"6:01:50",0,"2026-05-09T07:00:00.000000","07:00:00","","","SWE",100000,188,148,148,-2,-2,-2,"",0.000,0.200,7.20,78.000,1,6.82,8.793,"1:40",8.334,"se",0,"",1,"m",17,99,"","",0,"","","",0,""
696,"Torben","Pihl","Torben Pihl","M","SE","","","",";","Gotaleden Stafett & Ultra","Män","Ultra 75 km","Ultra 75 km","Mål",20,1,"TIME","","","2026-05-09T18:26:51.8100000",41211900,"11:26:52",41211900,"11:26:52",41211900,"2026-05-09T18:26:51.8100000",41211900,"11:26:52",41211900,"11:26:52",41211900,173,21770000,"6:02:50",0,139,21770000,"6:02:50",0,139,21770000,"6:02:50",0,"2026-05-09T07:00:00.000000","07:00:00","","","SWE",117000,196,155,155,-1,-1,-1,"",0.000,0.200,6.15,78.000,1,6.81,8.806,"1:57",9.750,"se",0,"",1,"m",17,99,"","",0,"","","",0,""
575,"Johan","Nilsson Hansen","Johan Nilsson Hansen","M","SE","","","",";","Gotaleden Stafett & Ultra","Män","Ultra 75 km","Ultra 75 km","Mål",20,1,"TIME","","","2026-05-09T18:26:57.4800000",41217500,"11:26:58",41217500,"11:26:58",41217500,"2026-05-09T18:26:57.4800000",41217500,"11:26:58",41217500,"11:26:58",41217500,174,21776000,"6:02:56",0,140,21776000,"6:02:56",0,140,21776000,"6:02:56",0,"2026-05-09T07:00:00.000000","07:00:00","","","SWE",123000,199,158,158,-3,-3,-3,"",0.000,0.200,5.85,78.000,1,6.81,8.807,"2:03",10.250,"se",0,"",1,"m",17,99,"","",0,"","","",0,""
602,"Alida","Gustafsson","Alida Gustafsson","F","SE","","","",";","Gotaleden Stafett & Ultra","Kvinnor","Ultra 75 km","Ultra 75 km","Mål",20,1,"TIME","","","2026-05-09T18:28:02.8700000",41282900,"11:28:03",41282900,"11:28:03",41282900,"2026-05-09T18:28:02.8700000",41282900,"11:28:03",41282900,"11:28:03",41282900,175,21841000,"6:04:01",0,35,15247000,"4:14:07",0,35,15247000,"4:14:07",0,"2026-05-09T07:00:00.000000","07:00:00","","","SWE",72000,99,24,24,-2,0,0,"",0.000,0.200,10.00,78.000,1,6.80,8.821,"1:12",6.000,"se",0,"",1,"f",17,99,"","",0,"","","",0,""
716,"Lisa","Wiklund","Lisa Wiklund","F","SE","","","",";","Gotaleden Stafett & Ultra","Kvinnor","Ultra 75 km","Ultra 75 km","Mål",20,1,"TIME","","","2026-05-09T18:28:45.9500000",41326000,"11:28:46",41326000,"11:28:46",41326000,"2026-05-09T18:28:45.9500000",41326000,"11:28:46",41326000,"11:28:46",41326000,176,21885000,"6:04:45",0,36,15291000,"4:14:51",0,36,15291000,"4:14:51",0,"2026-05-09T07:00:00.000000","07:00:00","","","SWE",70000,80,17,17,-2,0,0,"",0.000,0.200,10.29,78.000,1,6.79,8.831,"1:10",5.833,"se",0,"",1,"f",17,99,"","",0,"","","",0,""
552,"Philip","Ekelund","Philip Ekelund","M","SE","","","",";","Gotaleden Stafett & Ultra","Män","Ultra 75 km","Ultra 75 km","Mål",20,1,"TIME","","","2026-05-09T18:30:25.2900000",41425300,"11:30:26",41425300,"11:30:26",41425300,"2026-05-09T18:30:25.2900000",41425300,"11:30:26",41425300,"11:30:26",41425300,177,21984000,"6:06:24",0,141,21984000,"6:06:24",0,141,21984000,"6:06:24",0,"2026-05-09T07:00:00.000000","07:00:00","","","SWE",109000,195,154,154,-2,-2,-2,"",0.000,0.200,6.61,78.000,1,6.78,8.852,"1:49",9.084,"se",0,"",1,"m",17,99,"","",0,"","","",0,""
510,"Elin","Rosenberg Elebring","Elin Rosenberg Elebring","F","SE","","","",";","Gotaleden Stafett & Ultra","Kvinnor","Ultra 75 km","Ultra 75 km","Mål",20,1,"TIME","","","2026-05-09T18:31:01.7800000",41461800,"11:31:02",41461800,"11:31:02",41461800,"2026-05-09T18:31:01.7800000",41461800,"11:31:02",41461800,"11:31:02",41461800,178,22020000,"6:07:00",0,37,15426000,"4:17:06",0,37,15426000,"4:17:06",0,"2026-05-09T07:00:00.000000","07:00:00","","","SWE",70000,80,17,17,-2,0,0,"",0.000,0.200,10.29,78.000,1,6.77,8.859,"1:10",5.833,"se",0,"",1,"f",17,99,"","",0,"","","",0,""
547,"David","Elebring","David Elebring","M","SE","","","",";","Gotaleden Stafett & Ultra","Män","Ultra 75 km","Ultra 75 km","Mål",20,1,"TIME","","","2026-05-09T18:31:02.2800000",41462300,"11:31:03",41462300,"11:31:03",41462300,"2026-05-09T18:31:02.2800000",41462300,"11:31:03",41462300,"11:31:03",41462300,179,22021000,"6:07:01",0,142,22021000,"6:07:01",0,142,22021000,"6:07:01",0,"2026-05-09T07:00:00.000000","07:00:00","","","SWE",71000,88,68,68,-2,-2,-2,"",0.000,0.200,10.14,78.000,1,6.77,8.860,"1:11",5.917,"se",0,"",1,"m",17,99,"","",0,"","","",0,""
618,"Marie","Edvardsson","Marie Edvardsson","F","SE","","","",";","Gotaleden Stafett & Ultra","Kvinnor","Ultra 75 km","Ultra 75 km","Mål",20,1,"TIME","","","2026-05-09T18:33:39.6000000",41619600,"11:33:40",41619600,"11:33:40",41619600,"2026-05-09T18:33:39.6000000",41619600,"11:33:40",41619600,"11:33:40",41619600,180,22178000,"6:09:38",0,38,15584000,"4:19:44",0,38,15584000,"4:19:44",0,"2026-05-09T07:00:00.000000","07:00:00","","","SWE",70000,80,17,17,-2,0,0,"",0.000,0.200,10.29,78.000,1,6.75,8.893,"1:10",5.833,"se",0,"",1,"f",17,99,"","",0,"","","",0,""
765,"Pontus","Uggla","Pontus Uggla","M","SE","","","",";","Gotaleden Stafett & Ultra","Män","Ultra 75 km","Ultra 75 km","Mål",20,1,"TIME","","","2026-05-09T18:33:53.3200000",41633400,"11:33:54",41633400,"11:33:54",41633400,"2026-05-09T18:33:53.3200000",41633400,"11:33:54",41633400,"11:33:54",41633400,181,22192000,"6:09:52",0,143,22192000,"6:09:52",0,143,22192000,"6:09:52",0,"2026-05-09T07:00:00.000000","07:00:00","","","SWE",82000,161,127,127,-1,-1,-1,"",0.000,0.200,8.78,78.000,1,6.74,8.896,"1:22",6.833,"se",0,"",1,"m",17,99,"","",0,"","","",0,""
584,"Tom","Dahlström","Tom Dahlström","M","SE","","","",";","Gotaleden Stafett & Ultra","Män","Ultra 75 km","Ultra 75 km","Mål",20,1,"TIME","","","2026-05-09T18:33:57.8700000",41637900,"11:33:58",41637900,"11:33:58",41637900,"2026-05-09T18:33:57.8700000",41637900,"11:33:58",41637900,"11:33:58",41637900,182,22196000,"6:09:56",0,144,22196000,"6:09:56",0,144,22196000,"6:09:56",0,"2026-05-09T07:00:00.000000","07:00:00","","","SWE",88000,171,137,137,-3,-3,-3,"",0.000,0.200,8.18,78.000,1,6.74,8.897,"1:28",7.333,"se",0,"",1,"m",17,99,"","",0,"","","",0,""
617,"Erik","Gustafsson","Erik Gustafsson","M","SE","","","",";","Gotaleden Stafett & Ultra","Män","Ultra 75 km","Ultra 75 km","Mål",20,1,"TIME","","","2026-05-09T18:39:56.5000000",41996500,"11:39:57",41996500,"11:39:57",41996500,"2026-05-09T18:39:56.5000000",41996500,"11:39:57",41996500,"11:39:57",41996500,183,22555000,"6:15:55",0,145,22555000,"6:15:55",0,145,22555000,"6:15:55",0,"2026-05-09T07:00:00.000000","07:00:00","","","SWE",92000,178,141,141,-2,-2,-2,"",0.000,0.200,7.83,78.000,1,6.69,8.974,"1:32",7.667,"se",0,"",1,"m",17,99,"","",0,"","","",0,""
525,"Tom","Lövland","Tom Lövland","M","SE","","","",";","Gotaleden Stafett & Ultra","Män","Ultra 75 km","Ultra 75 km","Mål",20,1,"TIME","","","2026-05-09T18:47:24.9000000",42444900,"11:47:25",42444900,"11:47:25",42444900,"2026-05-09T18:47:24.9000000",42444900,"11:47:25",42444900,"11:47:25",42444900,184,23003000,"6:23:23",0,146,23003000,"6:23:23",0,146,23003000,"6:23:23",0,"2026-05-09T07:00:00.000000","07:00:00","","","SWE",86000,167,133,133,-2,-2,-2,"",0.000,0.200,8.37,78.000,1,6.62,9.069,"1:26",7.167,"se",0,"",1,"m",17,99,"","",0,"","","",0,""
606,"Christian","Persson","Christian Persson","M","SE","","","",";","Gotaleden Stafett & Ultra","Män","Ultra 75 km","Ultra 75 km","Mål",20,1,"TIME","","","2026-05-09T18:49:27.8700000",42567900,"11:49:28",42567900,"11:49:28",42567900,"2026-05-09T18:49:27.8700000",42567900,"11:49:28",42567900,"11:49:28",42567900,185,23126000,"6:25:26",0,147,23126000,"6:25:26",0,147,23126000,"6:25:26",0,"2026-05-09T07:00:00.000000","07:00:00","","","SWE",80000,152,121,121,-2,-2,-2,"",0.000,0.200,9,78.000,1,6.60,9.096,"1:20",6.667,"se",0,"",1,"m",17,99,"","",0,"","","",0,""
728,"Johan","Corneliusson","Johan Corneliusson","M","SE","","","",";","Gotaleden Stafett & Ultra","Män","Ultra 75 km","Ultra 75 km","Mål",20,1,"TIME","","","2026-05-09T18:50:21.8800000",42621900,"11:50:22",42621900,"11:50:22",42621900,"2026-05-09T18:50:21.8800000",42621900,"11:50:22",42621900,"11:50:22",42621900,186,23180000,"6:26:20",0,148,23180000,"6:26:20",0,148,23180000,"6:26:20",0,"2026-05-09T07:00:00.000000","07:00:00","","","SWE",70000,80,64,64,-2,-2,-2,"",0.000,0.200,10.29,78.000,1,6.59,9.107,"1:10",5.833,"se",0,"",1,"m",17,99,"","",0,"","","",0,""
691,"Johan","Ylläsjärvi","Johan Ylläsjärvi","M","SE","","","",";","Gotaleden Stafett & Ultra","Män","Ultra 75 km","Ultra 75 km","Mål",20,1,"TIME","","","2026-05-09T18:50:28.8600000",42628900,"11:50:29",42628900,"11:50:29",42628900,"2026-05-09T18:50:28.8600000",42628900,"11:50:29",42628900,"11:50:29",42628900,187,23187000,"6:26:27",0,149,23187000,"6:26:27",0,149,23187000,"6:26:27",0,"2026-05-09T07:00:00.000000","07:00:00","","","SWE",75000,125,96,96,-2,-2,-2,"",0.000,0.200,9.6,78.000,1,6.59,9.109,"1:15",6.250,"se",0,"",1,"m",17,99,"","",0,"","","",0,""
503,"Sara","Jorlöv","Sara Jorlöv","F","SE","","","",";","Gotaleden Stafett & Ultra","Kvinnor","Ultra 75 km","Ultra 75 km","Mål",20,1,"TIME","","","2026-05-09T18:56:22.8600000",42982900,"11:56:23",42982900,"11:56:23",42982900,"2026-05-09T18:56:22.8600000",42982900,"11:56:23",42982900,"11:56:23",42982900,188,23541000,"6:32:21",0,39,16947000,"4:42:27",0,39,16947000,"4:42:27",0,"2026-05-09T07:00:00.000000","07:00:00","","","SWE",108000,194,41,41,-2,0,0,"",0.000,0.200,6.67,78.000,1,6.53,9.184,"1:48",9.000,"se",0,"",1,"f",17,99,"","",0,"","","",0,""
574,"Anders","Rosén","Anders Rosén","M","SE","","","",";","Gotaleden Stafett & Ultra","Män","Ultra 75 km","Ultra 75 km","Mål",20,1,"TIME","","","2026-05-09T18:57:02.8700000",43022900,"11:57:03",43022900,"11:57:03",43022900,"2026-05-09T18:57:02.8700000",43022900,"11:57:03",43022900,"11:57:03",43022900,189,23581000,"6:33:01",0,150,23581000,"6:33:01",0,150,23581000,"6:33:01",0,"2026-05-09T07:00:00.000000","07:00:00","","","SWE",79000,147,116,116,-2,-2,-2,"",0.000,0.200,9.11,78.000,1,6.53,9.193,"1:19",6.583,"se",0,"",1,"m",17,99,"","",0,"","","",0,""
516,"Erik","Lagerwall","Erik Lagerwall","M","SE","","","",";","Gotaleden Stafett & Ultra","Män","Ultra 75 km","Ultra 75 km","Mål",20,1,"TIME","","","2026-05-09T18:57:09.8900000",43029900,"11:57:10",43029900,"11:57:10",43029900,"2026-05-09T18:57:09.8900000",43029900,"11:57:10",43029900,"11:57:10",43029900,190,23588000,"6:33:08",0,151,23588000,"6:33:08",0,151,23588000,"6:33:08",0,"2026-05-09T07:00:00.000000","07:00:00","","","SWE",84000,163,129,129,-2,-2,-2,"",0.000,0.200,8.57,78.000,1,6.53,9.194,"1:24",7.000,"se",0,"",1,"m",17,99,"","",0,"","","",0,""
738,"Martin","Davidsson","Martin Davidsson","M","SE","","","",";","Gotaleden Stafett & Ultra","Män","Ultra 75 km","Ultra 75 km","Mål",20,1,"TIME","","","2026-05-09T18:59:48.7300000",43188800,"11:59:49",43188800,"11:59:49",43188800,"2026-05-09T18:59:48.7300000",43188800,"11:59:49",43188800,"11:59:49",43188800,191,23747000,"6:35:47",0,152,23747000,"6:35:47",0,152,23747000,"6:35:47",0,"2026-05-09T07:00:00.000000","07:00:00","","","SWE",93000,179,142,142,-2,-2,-2,"",0.000,0.200,7.74,78.000,1,6.50,9.228,"1:33",7.750,"se",0,"",1,"m",17,99,"","",0,"","","",0,""
671,"John","Schäfer Lindholtz","John Schäfer Lindholtz","M","SE","","","",";","Gotaleden Stafett & Ultra","Män","Ultra 75 km","Ultra 75 km","Mål",20,1,"TIME","","","2026-05-09T19:08:30.7300000",43710800,"12:08:31",43710800,"12:08:31",43710800,"2026-05-09T19:08:30.7300000",43710800,"12:08:31",43710800,"12:08:31",43710800,192,24269000,"6:44:29",0,153,24269000,"6:44:29",0,153,24269000,"6:44:29",0,"2026-05-09T07:00:00.000000","07:00:00","","","SWE",78000,141,111,111,-2,-2,-2,"",0.000,0.200,9.23,78.000,1,6.42,9.340,"1:18",6.500,"se",0,"",1,"m",17,99,"","",0,"","","",0,""
721,"Jacob","Schäfer","Jacob Schäfer","M","SE","","","",";","Gotaleden Stafett & Ultra","Män","Ultra 75 km","Ultra 75 km","Mål",20,1,"TIME","","","2026-05-09T19:08:30.8600000",43710900,"12:08:31",43710900,"12:08:31",43710900,"2026-05-09T19:08:30.8600000",43710900,"12:08:31",43710900,"12:08:31",43710900,193,24269000,"6:44:29",0,154,24269000,"6:44:29",0,154,24269000,"6:44:29",0,"2026-05-09T07:00:00.000000","07:00:00","","","SWE",77000,134,105,105,-2,-2,-2,"",0.000,0.200,9.35,78.000,1,6.42,9.340,"1:17",6.417,"se",0,"",1,"m",17,99,"","",0,"","","",0,""
588,"Daniel","Andersson","Daniel Andersson","M","SE","","","",";","Gotaleden Stafett & Ultra","Män","Ultra 75 km","Ultra 75 km","Mål",20,1,"TIME","","","2026-05-09T19:12:08.8700000",43928900,"12:12:09",43928900,"12:12:09",43928900,"2026-05-09T19:12:08.8700000",43928900,"12:12:09",43928900,"12:12:09",43928900,194,24487000,"6:48:07",0,155,24487000,"6:48:07",0,155,24487000,"6:48:07",0,"2026-05-09T07:00:00.000000","07:00:00","","","SWE",125000,200,159,159,-2,-2,-2,"",0.000,0.200,5.76,78.000,1,6.39,9.387,"2:05",10.417,"se",0,"",1,"m",17,99,"","",0,"","","",0,""
715,"Andréas","Kalus","Andréas Kalus","M","SE","","","",";","Gotaleden Stafett & Ultra","Män","Ultra 75 km","Ultra 75 km","Mål",20,1,"TIME","","","2026-05-09T19:15:41.6500000",44141700,"12:15:42",44141700,"12:15:42",44141700,"2026-05-09T19:15:41.6500000",44141700,"12:15:42",44141700,"12:15:42",44141700,195,24700000,"6:51:40",0,156,24700000,"6:51:40",0,156,24700000,"6:51:40",0,"2026-05-09T07:00:00.000000","07:00:00","","","SWE",117000,196,155,155,-2,-2,-2,"",0.000,0.200,6.15,78.000,1,6.36,9.432,"1:57",9.750,"se",0,"",1,"m",17,99,"","",0,"","","",0,""
546,"Jari","Gunnarsson","Jari Gunnarsson","M","SE","","","",";","Gotaleden Stafett & Ultra","Män","Ultra 75 km","Ultra 75 km","Mål",20,1,"TIME","","","2026-05-09T19:16:12.8800000",44172900,"12:16:13",44172900,"12:16:13",44172900,"2026-05-09T19:16:12.8800000",44172900,"12:16:13",44172900,"12:16:13",44172900,196,24731000,"6:52:11",0,157,24731000,"6:52:11",0,157,24731000,"6:52:11",0,"2026-05-09T07:00:00.000000","07:00:00","","","SWE",93000,179,142,142,-2,-2,-2,"",0.000,0.200,7.74,78.000,1,6.36,9.439,"1:33",7.750,"se",0,"",1,"m",17,99,"","",0,"","","",0,""
504,"Marielle","Lundvall","Marielle Lundvall","F","SE","","","",";","Gotaleden Stafett & Ultra","Kvinnor","Ultra 75 km","Ultra 75 km","Mål",20,1,"TIME","","","2026-05-09T19:23:19.7000000",44599700,"12:23:20",44599700,"12:23:20",44599700,"2026-05-09T19:23:19.7000000",44599700,"12:23:20",44599700,"12:23:20",44599700,197,25158000,"6:59:18",0,40,18564000,"5:09:24",0,40,18564000,"5:09:24",0,"2026-05-09T07:00:00.000000","07:00:00","","","SWE",93000,179,38,38,-2,0,0,"",0.000,0.200,7.74,78.000,1,6.30,9.530,"1:33",7.750,"se",0,"",1,"f",17,99,"","",0,"","","",0,""
616,"Lisa","Levin","Lisa Levin","F","SE","","","",";","Gotaleden Stafett & Ultra","Kvinnor","Ultra 75 km","Ultra 75 km","Mål",20,1,"TIME","","","2026-05-09T19:30:08.2000000",45008200,"12:30:09",45008200,"12:30:09",45008200,"2026-05-09T19:30:08.2000000",45008200,"12:30:09",45008200,"12:30:09",45008200,198,25567000,"7:06:07",0,41,18973000,"5:16:13",0,41,18973000,"5:16:13",0,"2026-05-09T07:00:00.000000","07:00:00","","","SWE",90000,176,36,36,-2,0,0,"",0.000,0.200,8.00,78.000,1,6.24,9.617,"1:30",7.500,"se",0,"",1,"f",17,99,"","",0,"","","",0,""
515,"Felix","Mattisson","Felix Mattisson","M","SE","","","",";","Gotaleden Stafett & Ultra","Män","Ultra 75 km","Ultra 75 km","Mål",20,1,"TIME","","","2026-05-09T19:31:59.4600000",45119500,"12:32:00",45119500,"12:32:00",45119500,"2026-05-09T19:31:59.4600000",45119500,"12:32:00",45119500,"12:32:00",45119500,199,25678000,"7:07:58",0,158,25678000,"7:07:58",0,158,25678000,"7:07:58",0,"2026-05-09T07:00:00.000000","07:00:00","","","SWE",102000,190,150,150,-2,-2,-2,"",0.000,0.200,7.06,78.000,1,6.22,9.641,"1:42",8.500,"se",0,"",1,"m",17,99,"","",0,"","","",0,""
508,"Robert","Sätterberg","Robert Sätterberg","M","SE","","","",";","Gotaleden Stafett & Ultra","Män","Ultra 75 km","Ultra 75 km","Mål",20,1,"TIME","","","2026-05-09T19:33:27.4800000",45207500,"12:33:28",45207500,"12:33:28",45207500,"2026-05-09T19:33:27.4800000",45207500,"12:33:28",45207500,"12:33:28",45207500,200,25766000,"7:09:26",0,159,25766000,"7:09:26",0,159,25766000,"7:09:26",0,"2026-05-09T07:00:00.000000","07:00:00","","","SWE",129000,202,161,161,-2,-2,-2,"",0.000,0.200,5.58,78.000,1,6.21,9.660,"2:09",10.750,"se",0,"",1,"m",17,99,"","",0,"","","",0,""
621,"Conny","E Anderberg","Conny E Anderberg","M","SE","","","",";","Gotaleden Stafett & Ultra","Män","Ultra 75 km","Ultra 75 km","Mål",20,1,"TIME","","","2026-05-09T19:35:18.8600000",45318900,"12:35:19",45318900,"12:35:19",45318900,"2026-05-09T19:35:18.8600000",45318900,"12:35:19",45318900,"12:35:19",45318900,201,25877000,"7:11:17",0,160,25877000,"7:11:17",0,160,25877000,"7:11:17",0,"2026-05-09T07:00:00.000000","07:00:00","","","SWE",107000,192,152,152,-2,-2,-2,"",0.000,0.200,6.73,78.000,1,6.20,9.684,"1:47",8.917,"se",0,"",1,"m",17,99,"","",0,"","","",0,""
536,"Antti","Järvi","Antti Järvi","M","SE","","","",";","Gotaleden Stafett & Ultra","Män","Ultra 75 km","Ultra 75 km","Mål",20,1,"TIME","","","2026-05-09T19:39:37.9000000",45577900,"12:39:38",45577900,"12:39:38",45577900,"2026-05-09T19:39:37.9000000",45577900,"12:39:38",45577900,"12:39:38",45577900,202,26136000,"7:15:36",0,161,26136000,"7:15:36",0,161,26136000,"7:15:36",0,"2026-05-09T07:00:00.000000","07:00:00","","","SWE",103000,191,151,151,-2,-2,-2,"",0.000,0.200,6.99,78.000,1,6.16,9.739,"1:43",8.584,"se",0,"",1,"m",17,99,"","",0,"","","",0,""
593,"Cristian","Valencia","Cristian Valencia","M","SE","","","",";","Gotaleden Stafett & Ultra","Män","Ultra 75 km","Ultra 75 km","Mål",20,1,"TIME","","","2026-05-09T19:44:28.8500000",45868900,"12:44:29",45868900,"12:44:29",45868900,"2026-05-09T19:44:28.8500000",45868900,"12:44:29",45868900,"12:44:29",45868900,203,26427000,"7:20:27",0,162,26427000,"7:20:27",0,162,26427000,"7:20:27",0,"2026-05-09T07:00:00.000000","07:00:00","","","SWE",125000,200,159,159,-2,-2,-2,"",0.000,0.200,5.76,78.000,1,6.12,9.801,"2:05",10.417,"se",0,"",1,"m",17,99,"","",0,"","","",0,""
708,"Fia","Eriksson","Fia Eriksson","F","SE","","","",";","Gotaleden Stafett & Ultra","Kvinnor","Ultra 75 km","Ultra 75 km","Mål",20,1,"TIME","","","2026-05-09T19:44:32.8200000",45872900,"12:44:33",45872900,"12:44:33",45872900,"2026-05-09T19:44:32.8200000",45872900,"12:44:33",45872900,"12:44:33",45872900,204,26431000,"7:20:31",0,42,19837000,"5:30:37",0,42,19837000,"5:30:37",0,"2026-05-09T07:00:00.000000","07:00:00","","","SWE",129000,202,42,42,-2,0,0,"",0.000,0.200,5.58,78.000,1,6.12,9.802,"2:09",10.750,"se",0,"",1,"f",17,99,"","",0,"","","",0,""
678,"Daniel","Vaziri","Daniel Vaziri","M","SE","","","",";","Gotaleden Stafett & Ultra","Män","Ultra 75 km","Ultra 75 km","Mål",20,1,"TIME","","","2026-05-09T19:46:07.8700000",45967900,"12:46:08",45967900,"12:46:08",45967900,"2026-05-09T19:46:07.8700000",45967900,"12:46:08",45967900,"12:46:08",45967900,205,26526000,"7:22:06",0,163,26526000,"7:22:06",0,163,26526000,"7:22:06",0,"2026-05-09T07:00:00.000000","07:00:00","","","SWE",95000,182,144,144,-2,-2,-2,"",0.000,0.200,7.58,78.000,1,6.11,9.822,"1:35",7.917,"se",0,"",1,"m",17,99,"","",0,"","","",0,""
558,"Johan","Björck","Johan Björck","M","SE","","","",";","Gotaleden Stafett & Ultra","Män","Ultra 75 km","Ultra 75 km","Mål",20,1,"TIME","","","2026-05-09T20:09:48.2500000",47388300,"13:09:49",47388300,"13:09:49",47388300,"2026-05-09T20:09:48.2500000",47388300,"13:09:49",47388300,"13:09:49",47388300,206,27947000,"7:45:47",0,164,27947000,"7:45:47",0,164,27947000,"7:45:47",0,"2026-05-09T07:00:00.000000","07:00:00","","","SWE",7411000,206,164,164,0,0,0,"",0.000,10.000,4.86,78.000,1,5.93,10.126,"2:03:31",12.352,"se",0,"",1,"m",17,99,"","",0,"","","",0,""
685,"Mikael","Andersson","Mikael Andersson","M","SE","","","",";","Gotaleden Stafett & Ultra","Män","Ultra 75 km","Ultra 75 km","Mål",20,1,"DNF","","","0001-01-01T00:00:00.0000000",0,"0:00",1689280,"28:10",0,"0001-01-01T00:00:00.0000000",0,"0:00",1689280,"28:10",0,207,-19441000,"-5:24:01",0,165,-19441000,"-5:24:01",0,165,-19441000,"-5:24:01",0,"2026-05-09T07:00:00.000000","07:00:00","","","SWE",0,210,167,167,-3,-3,-3,"",0.000,0.200,0,78.000,1,0,0,"0:00",0,"se",0,"",1,"m",17,99,"","",0,"","","",0,""
580,"Anders","Dahlgren","Anders Dahlgren","M","SE","","","",";","Gotaleden Stafett & Ultra","Män","Ultra 75 km","Ultra 75 km","Mål",20,1,"DNF","","","0001-01-01T00:00:00.0000000",0,"0:00",1257510,"20:58",0,"0001-01-01T00:00:00.0000000",0,"0:00",1257510,"20:58",0,208,-19441000,"-5:24:01",0,166,-19441000,"-5:24:01",0,166,-19441000,"-5:24:01",0,"2026-05-09T07:00:00.000000","07:00:00","","","SWE",0,220,176,176,-3,-3,-3,"",0.000,0.200,0,78.000,1,0,0,"0:00",0,"se",0,"",1,"m",17,99,"","",0,"","","",0,""
672,"Andreas","Hedberg","Andreas Hedberg","M","SE","","","",";","Gotaleden Stafett & Ultra","Män","Ultra 75 km","Ultra 75 km","Mål",20,1,"DNF","","","0001-01-01T00:00:00.0000000",0,"0:00",1775050,"29:36",0,"0001-01-01T00:00:00.0000000",0,"0:00",1775050,"29:36",0,209,-19441000,"-5:24:01",0,167,-19441000,"-5:24:01",0,167,-19441000,"-5:24:01",0,"2026-05-09T07:00:00.000000","07:00:00","","","SWE",0,225,180,180,-3,-3,-3,"",0.000,0.200,0,78.000,1,0,0,"0:00",0,"se",0,"",1,"m",17,99,"","",0,"","","",0,""
741,"Sebastian","Jensen","Sebastian Jensen","M","SE","","","",";","Gotaleden Stafett & Ultra","Män","Ultra 75 km","Ultra 75 km","Mål",20,1,"DNF","","","0001-01-01T00:00:00.0000000",0,"0:00",1998040,"33:19",0,"0001-01-01T00:00:00.0000000",0,"0:00",1998040,"33:19",0,210,-19441000,"-5:24:01",0,168,-19441000,"-5:24:01",0,168,-19441000,"-5:24:01",0,"2026-05-09T07:00:00.000000","07:00:00","","","SWE",0,231,185,185,-3,-3,-3,"",0.000,0.200,0,78.000,1,0,0,"0:00",0,"se",0,"",1,"m",17,99,"","",0,"","","",0,""
554,"Johan","Keskitalo","Johan Keskitalo","M","SE","","","",";","Gotaleden Stafett & Ultra","Män","Ultra 75 km","Ultra 75 km","Mål",20,1,"DNF","","","0001-01-01T00:00:00.0000000",0,"0:00",2250920,"37:31",0,"0001-01-01T00:00:00.0000000",0,"0:00",2250920,"37:31",0,211,-19441000,"-5:24:01",0,169,-19441000,"-5:24:01",0,169,-19441000,"-5:24:01",0,"2026-05-09T07:00:00.000000","07:00:00","","","SWE",0,235,188,188,-3,-3,-3,"",0.000,0.200,0,78.000,1,0,0,"0:00",0,"se",0,"",1,"m",17,99,"","",0,"","","",0,""
599,"Nele","Krüger","Nele Krüger","F","SE","","","",";","Gotaleden Stafett & Ultra","Kvinnor","Ultra 75 km","Ultra 75 km","Mål",20,1,"DNF","","","2026-05-09T13:42:52.1100000",24172200,"6:42:53",24172200,"6:42:53",24172200,"2026-05-09T13:42:52.1100000",24172200,"6:42:53",24172200,"6:42:53",24172200,212,4731000,"1:18:51",0,43,-1863000,"31:03",0,43,-1863000,"31:03",0,"2026-05-09T07:00:00.000000","07:00:00","","","SWE",24172000,238,49,49,-3,0,0,"",0.000,0.200,0.03,78.000,1,11.62,5.165,"6:42:52",2014.374,"se",0,"",1,"f",17,99,"","",0,"","","",0,""
559,"Charlotte","Lundin","Charlotte Lundin","F","SE","","","",";","Gotaleden Stafett & Ultra","Kvinnor","Ultra 75 km","Ultra 75 km","Mål",20,1,"DNF","","","0001-01-01T00:00:00.0000000",0,"0:00",1646810,"27:27",0,"0001-01-01T00:00:00.0000000",0,"0:00",1646810,"27:27",0,213,-19441000,"-5:24:01",0,44,-26035000,"-7:13:55",0,44,-26035000,"-7:13:55",0,"2026-05-09T07:00:00.000000","07:00:00","","","SWE",0,248,51,51,-3,0,0,"",0.000,0.200,0,78.000,1,0,0,"0:00",0,"se",0,"",1,"f",17,99,"","",0,"","","",0,""
662,"Jonas","Nilsson","Jonas Nilsson","M","SE","","","",";","Gotaleden Stafett & Ultra","Män","Ultra 75 km","Ultra 75 km","Mål",20,1,"DNF","","","0001-01-01T00:00:00.0000000",0,"0:00",1930570,"32:11",0,"0001-01-01T00:00:00.0000000",0,"0:00",1930570,"32:11",0,214,-19441000,"-5:24:01",0,170,-19441000,"-5:24:01",0,170,-19441000,"-5:24:01",0,"2026-05-09T07:00:00.000000","07:00:00","","","SWE",0,252,199,199,-3,-3,-3,"",0.000,0.200,0,78.000,1,0,0,"0:00",0,"se",0,"",1,"m",17,99,"","",0,"","","",0,""
751,"Amanda","Nordin","Amanda Nordin","F","SE","","","",";","Gotaleden Stafett & Ultra","Kvinnor","Ultra 75 km","Ultra 75 km","Mål",20,1,"DNF","","","0001-01-01T00:00:00.0000000",0,"0:00",1691380,"28:12",0,"0001-01-01T00:00:00.0000000",0,"0:00",1691380,"28:12",0,215,-19441000,"-5:24:01",0,45,-26035000,"-7:13:55",0,45,-26035000,"-7:13:55",0,"2026-05-09T07:00:00.000000","07:00:00","","","SWE",0,253,54,54,-3,0,0,"",0.000,0.200,0,78.000,1,0,0,"0:00",0,"se",0,"",1,"f",17,99,"","",0,"","","",0,""
517,"Catarina","Olvenmark","Catarina Olvenmark","F","SE","","","",";","Gotaleden Stafett & Ultra","Kvinnor","Ultra 75 km","Ultra 75 km","Mål",20,1,"DNF","","","0001-01-01T00:00:00.0000000",0,"0:00",2073230,"34:34",0,"0001-01-01T00:00:00.0000000",0,"0:00",2073230,"34:34",0,216,-19441000,"-5:24:01",0,46,-26035000,"-7:13:55",0,46,-26035000,"-7:13:55",0,"2026-05-09T07:00:00.000000","07:00:00","","","SWE",0,258,56,56,-3,0,0,"",0.000,0.200,0,78.000,1,0,0,"0:00",0,"se",0,"",1,"f",17,99,"","",0,"","","",0,""
657,"Johan","Sandström","Johan Sandström","M","SE","","","",";","Gotaleden Stafett & Ultra","Män","Ultra 75 km","Ultra 75 km","Mål",20,1,"DNF","","","0001-01-01T00:00:00.0000000",0,"0:00",1321300,"22:02",0,"0001-01-01T00:00:00.0000000",0,"0:00",1321300,"22:02",0,217,-19441000,"-5:24:01",0,171,-19441000,"-5:24:01",0,171,-19441000,"-5:24:01",0,"2026-05-09T07:00:00.000000","07:00:00","","","SWE",0,264,206,206,-3,-3,-3,"",0.000,0.200,0,78.000,1,0,0,"0:00",0,"se",0,"",1,"m",17,99,"","",0,"","","",0,""
505,"Frida","Söderberg","Frida Söderberg","F","SE","","","",";","Gotaleden Stafett & Ultra","Kvinnor","Ultra 75 km","Ultra 75 km","Mål",20,1,"DNF","","","0001-01-01T00:00:00.0000000",0,"0:00",1343180,"22:24",0,"0001-01-01T00:00:00.0000000",0,"0:00",1343180,"22:24",0,218,-19441000,"-5:24:01",0,47,-26035000,"-7:13:55",0,47,-26035000,"-7:13:55",0,"2026-05-09T07:00:00.000000","07:00:00","","","SWE",0,266,59,59,-3,0,0,"",0.000,0.200,0,78.000,1,0,0,"0:00",0,"se",0,"",1,"f",17,99,"","",0,"","","",0,""
601,"Stina","Thorén","Stina Thorén","F","SE","","","",";","Gotaleden Stafett & Ultra","Kvinnor","Ultra 75 km","Ultra 75 km","Mål",20,1,"DNF","","","0001-01-01T00:00:00.0000000",0,"0:00",2076000,"34:36",0,"0001-01-01T00:00:00.0000000",0,"0:00",2076000,"34:36",0,219,-19441000,"-5:24:01",0,48,-26035000,"-7:13:55",0,48,-26035000,"-7:13:55",0,"2026-05-09T07:00:00.000000","07:00:00","","","SWE",0,269,61,61,-3,0,0,"",0.000,0.200,0,78.000,1,0,0,"0:00",0,"se",0,"",1,"f",17,99,"","",0,"","","",0,""
733,"Lars","Abelius","Lars Abelius","M","SE","","","",";","Gotaleden Stafett & Ultra","Män","Ultra 75 km","Ultra 75 km","Mål",20,1,"DNS","","","0001-01-01T00:00:00.0000000",0,"0:00",0,"0:00",0,"0001-01-01T00:00:00.0000000",0,"0:00",0,"0:00",0,220,-19441000,"-5:24:01",0,172,-19441000,"-5:24:01",0,172,-19441000,"-5:24:01",0,"2026-05-09T07:00:00.000000","07:00:00","","","SWE",0,207,165,165,-3,-3,-3,"",0.000,0.200,0,78.000,1,0,0,"0:00",0,"se",0,"",1,"m",17,99,"","",0,"","","",0,""
748,"Andreas","Alexis","Andreas Alexis","M","SE","","","",";","Gotaleden Stafett & Ultra","Män","Ultra 75 km","Ultra 75 km","Mål",20,1,"DNS","","","0001-01-01T00:00:00.0000000",0,"0:00",0,"0:00",0,"0001-01-01T00:00:00.0000000",0,"0:00",0,"0:00",0,221,-19441000,"-5:24:01",0,173,-19441000,"-5:24:01",0,173,-19441000,"-5:24:01",0,"2026-05-09T07:00:00.000000","07:00:00","","","SWE",0,208,166,166,-3,-3,-3,"",0.000,0.200,0,78.000,1,0,0,"0:00",0,"se",0,"",1,"m",17,99,"","",0,"","","",0,""
739,"Emelie","Ander","Emelie Ander","F","SE","","","",";","Gotaleden Stafett & Ultra","Kvinnor","Ultra 75 km","Ultra 75 km","Mål",20,1,"DNS","","","0001-01-01T00:00:00.0000000",0,"0:00",0,"0:00",0,"0001-01-01T00:00:00.0000000",0,"0:00",0,"0:00",0,222,-19441000,"-5:24:01",0,49,-26035000,"-7:13:55",0,49,-26035000,"-7:13:55",0,"2026-05-09T07:00:00.000000","07:00:00","","","SWE",0,209,43,43,-3,0,0,"",0.000,0.200,0,78.000,1,0,0,"0:00",0,"se",0,"",1,"f",17,99,"","",0,"","","",0,""
569,"Simon","Andersson","Simon Andersson","M","SE","","","",";","Gotaleden Stafett & Ultra","Män","Ultra 75 km","Ultra 75 km","Mål",20,1,"DNS","","","0001-01-01T00:00:00.0000000",0,"0:00",0,"0:00",0,"0001-01-01T00:00:00.0000000",0,"0:00",0,"0:00",0,223,-19441000,"-5:24:01",0,174,-19441000,"-5:24:01",0,174,-19441000,"-5:24:01",0,"2026-05-09T07:00:00.000000","07:00:00","","","SWE",0,211,168,168,-3,-3,-3,"",0.000,0.200,0,78.000,1,0,0,"0:00",0,"se",0,"",1,"m",17,99,"","",0,"","","",0,""
523,"Christina","Åqvist","Christina Åqvist","F","SE","","","",";","Gotaleden Stafett & Ultra","Kvinnor","Ultra 75 km","Ultra 75 km","Mål",20,1,"DNS","","","0001-01-01T00:00:00.0000000",0,"0:00",0,"0:00",0,"0001-01-01T00:00:00.0000000",0,"0:00",0,"0:00",0,224,-19441000,"-5:24:01",0,50,-26035000,"-7:13:55",0,50,-26035000,"-7:13:55",0,"2026-05-09T07:00:00.000000","07:00:00","","","SWE",0,212,44,44,-3,0,0,"",0.000,0.200,0,78.000,1,0,0,"0:00",0,"se",0,"",1,"f",17,99,"","",0,"","","",0,""
543,"John","Armbrecht","John Armbrecht","M","SE","","","",";","Gotaleden Stafett & Ultra","Män","Ultra 75 km","Ultra 75 km","Mål",20,1,"DNS","","","0001-01-01T00:00:00.0000000",0,"0:00",0,"0:00",0,"0001-01-01T00:00:00.0000000",0,"0:00",0,"0:00",0,225,-19441000,"-5:24:01",0,175,-19441000,"-5:24:01",0,175,-19441000,"-5:24:01",0,"2026-05-09T07:00:00.000000","07:00:00","","","SWE",0,213,169,169,-3,-3,-3,"",0.000,0.200,0,78.000,1,0,0,"0:00",0,"se",0,"",1,"m",17,99,"","",0,"","","",0,""
686,"Felix","Berggren","Felix Berggren","M","SE","","","",";","Gotaleden Stafett & Ultra","Män","Ultra 75 km","Ultra 75 km","Mål",20,1,"DNS","","","0001-01-01T00:00:00.0000000",0,"0:00",0,"0:00",0,"0001-01-01T00:00:00.0000000",0,"0:00",0,"0:00",0,226,-19441000,"-5:24:01",0,176,-19441000,"-5:24:01",0,176,-19441000,"-5:24:01",0,"2026-05-09T07:00:00.000000","07:00:00","","","SWE",0,214,170,170,-3,-3,-3,"",0.000,0.200,0,78.000,1,0,0,"0:00",0,"se",0,"",1,"m",17,99,"","",0,"","","",0,""
699,"Magnus","Björk","Magnus Björk","M","SE","","","",";","Gotaleden Stafett & Ultra","Män","Ultra 75 km","Ultra 75 km","Mål",20,1,"DNS","","","0001-01-01T00:00:00.0000000",0,"0:00",0,"0:00",0,"0001-01-01T00:00:00.0000000",0,"0:00",0,"0:00",0,227,-19441000,"-5:24:01",0,177,-19441000,"-5:24:01",0,177,-19441000,"-5:24:01",0,"2026-05-09T07:00:00.000000","07:00:00","","","SWE",0,215,171,171,-3,-3,-3,"",0.000,0.200,0,78.000,1,0,0,"0:00",0,"se",0,"",1,"m",17,99,"","",0,"","","",0,""
774,"Simon","Bloss","Simon Bloss","M","SE","","","",";","Gotaleden Stafett & Ultra","Män","Ultra 75 km","Ultra 75 km","Mål",20,1,"DNS","","","0001-01-01T00:00:00.0000000",0,"0:00",0,"0:00",0,"0001-01-01T00:00:00.0000000",0,"0:00",0,"0:00",0,228,-19441000,"-5:24:01",0,178,-19441000,"-5:24:01",0,178,-19441000,"-5:24:01",0,"2026-05-09T07:00:00.000000","07:00:00","","","SWE",0,216,172,172,-3,-3,-3,"",0.000,0.200,0,78.000,1,0,0,"0:00",0,"se",0,"",1,"m",17,99,"","",0,"","","",0,""
620,"Ashley","Boulton","Ashley Boulton","M","GB","","","",";","Gotaleden Stafett & Ultra","Män","Ultra 75 km","Ultra 75 km","Mål",20,1,"DNS","","","0001-01-01T00:00:00.0000000",0,"0:00",0,"0:00",0,"0001-01-01T00:00:00.0000000",0,"0:00",0,"0:00",0,229,-19441000,"-5:24:01",0,179,-19441000,"-5:24:01",0,179,-19441000,"-5:24:01",0,"2026-05-09T07:00:00.000000","07:00:00","","","GBR",0,217,173,173,-3,-3,-3,"",0.000,0.200,0,78.000,1,0,0,"0:00",0,"gb",0,"",1,"m",17,99,"","",0,"","","",0,""
638,"Pontus","Byberg","Pontus Byberg","M","SE","","","",";","Gotaleden Stafett & Ultra","Män","Ultra 75 km","Ultra 75 km","Mål",20,1,"DNS","","","0001-01-01T00:00:00.0000000",0,"0:00",0,"0:00",0,"0001-01-01T00:00:00.0000000",0,"0:00",0,"0:00",0,230,-19441000,"-5:24:01",0,180,-19441000,"-5:24:01",0,180,-19441000,"-5:24:01",0,"2026-05-09T07:00:00.000000","07:00:00","","","SWE",0,218,174,174,-3,-3,-3,"",0.000,0.200,0,78.000,1,0,0,"0:00",0,"se",0,"",1,"m",17,99,"","",0,"","","",0,""
752,"Erik","Byström","Erik Byström","M","SE","","","",";","Gotaleden Stafett & Ultra","Män","Ultra 75 km","Ultra 75 km","Mål",20,1,"DNS","","","0001-01-01T00:00:00.0000000",0,"0:00",0,"0:00",0,"0001-01-01T00:00:00.0000000",0,"0:00",0,"0:00",0,231,-19441000,"-5:24:01",0,181,-19441000,"-5:24:01",0,181,-19441000,"-5:24:01",0,"2026-05-09T07:00:00.000000","07:00:00","","","SWE",0,219,175,175,-3,-3,-3,"",0.000,0.200,0,78.000,1,0,0,"0:00",0,"se",0,"",1,"m",17,99,"","",0,"","","",0,""
544,"Mikael","Edvardsson","Mikael Edvardsson","M","SE","","","",";","Gotaleden Stafett & Ultra","Män","Ultra 75 km","Ultra 75 km","Mål",20,1,"DNS","","","0001-01-01T00:00:00.0000000",0,"0:00",0,"0:00",0,"0001-01-01T00:00:00.0000000",0,"0:00",0,"0:00",0,232,-19441000,"-5:24:01",0,182,-19441000,"-5:24:01",0,182,-19441000,"-5:24:01",0,"2026-05-09T07:00:00.000000","07:00:00","","","SWE",0,221,177,177,-3,-3,-3,"",0.000,0.200,0,78.000,1,0,0,"0:00",0,"se",0,"",1,"m",17,99,"","",0,"","","",0,""
654,"Christian","Ericson","Christian Ericson","M","SE","","","",";","Gotaleden Stafett & Ultra","Män","Ultra 75 km","Ultra 75 km","Mål",20,1,"DNS","","","0001-01-01T00:00:00.0000000",0,"0:00",0,"0:00",0,"0001-01-01T00:00:00.0000000",0,"0:00",0,"0:00",0,233,-19441000,"-5:24:01",0,183,-19441000,"-5:24:01",0,183,-19441000,"-5:24:01",0,"2026-05-09T07:00:00.000000","07:00:00","","","SWE",0,222,178,178,-3,-3,-3,"",0.000,0.200,0,78.000,1,0,0,"0:00",0,"se",0,"",1,"m",17,99,"","",0,"","","",0,""
506,"Andreas","Falk","Andreas Falk","M","SE","","","",";","Gotaleden Stafett & Ultra","Män","Ultra 75 km","Ultra 75 km","Mål",20,1,"DNS","","","0001-01-01T00:00:00.0000000",0,"0:00",0,"0:00",0,"0001-01-01T00:00:00.0000000",0,"0:00",0,"0:00",0,234,-19441000,"-5:24:01",0,184,-19441000,"-5:24:01",0,184,-19441000,"-5:24:01",0,"2026-05-09T07:00:00.000000","07:00:00","","","SWE",0,223,179,179,-3,-3,-3,"",0.000,0.200,0,78.000,1,0,0,"0:00",0,"se",0,"",1,"m",17,99,"","",0,"","","",0,""
667,"Isabel","Gillblad","Isabel Gillblad","F","SE","","","",";","Gotaleden Stafett & Ultra","Kvinnor","Ultra 75 km","Ultra 75 km","Mål",20,1,"DNS","","","0001-01-01T00:00:00.0000000",0,"0:00",0,"0:00",0,"0001-01-01T00:00:00.0000000",0,"0:00",0,"0:00",0,235,-19441000,"-5:24:01",0,51,-26035000,"-7:13:55",0,51,-26035000,"-7:13:55",0,"2026-05-09T07:00:00.000000","07:00:00","","","SWE",0,224,45,45,-3,0,0,"",0.000,0.200,0,78.000,1,0,0,"0:00",0,"se",0,"",1,"f",17,99,"","",0,"","","",0,""
749,"Teddie","Heikkinen","Teddie Heikkinen","M","SE","","","",";","Gotaleden Stafett & Ultra","Män","Ultra 75 km","Ultra 75 km","Mål",20,1,"DNS","","","0001-01-01T00:00:00.0000000",0,"0:00",0,"0:00",0,"0001-01-01T00:00:00.0000000",0,"0:00",0,"0:00",0,236,-19441000,"-5:24:01",0,185,-19441000,"-5:24:01",0,185,-19441000,"-5:24:01",0,"2026-05-09T07:00:00.000000","07:00:00","","","SWE",0,226,181,181,-3,-3,-3,"",0.000,0.200,0,78.000,1,0,0,"0:00",0,"se",0,"",1,"m",17,99,"","",0,"","","",0,""
533,"Eric","Holmström","Eric Holmström","M","SE","","","",";","Gotaleden Stafett & Ultra","Män","Ultra 75 km","Ultra 75 km","Mål",20,1,"DNS","","","0001-01-01T00:00:00.0000000",0,"0:00",0,"0:00",0,"0001-01-01T00:00:00.0000000",0,"0:00",0,"0:00",0,237,-19441000,"-5:24:01",0,186,-19441000,"-5:24:01",0,186,-19441000,"-5:24:01",0,"2026-05-09T07:00:00.000000","07:00:00","","","SWE",0,227,182,182,-3,-3,-3,"",0.000,0.200,0,78.000,1,0,0,"0:00",0,"se",0,"",1,"m",17,99,"","",0,"","","",0,""
598,"Tommy","Ivarsson","Tommy Ivarsson","M","SE","Umara Sports Club","","",";","Gotaleden Stafett & Ultra","Män","Ultra 75 km","Ultra 75 km","Mål",20,1,"DNS","","","0001-01-01T00:00:00.0000000",0,"0:00",0,"0:00",0,"0001-01-01T00:00:00.0000000",0,"0:00",0,"0:00",0,238,-19441000,"-5:24:01",0,187,-19441000,"-5:24:01",0,187,-19441000,"-5:24:01",0,"2026-05-09T07:00:00.000000","07:00:00","","","SWE",0,228,183,183,-3,-3,-3,"",0.000,0.200,0,78.000,1,0,0,"0:00",0,"se",0,"",1,"m",17,99,"","",0,"","","",0,""
719,"Kamila","Ivashchenko","Kamila Ivashchenko","F","SE","","","",";","Gotaleden Stafett & Ultra","Kvinnor","Ultra 75 km","Ultra 75 km","Mål",20,1,"DNS","","","0001-01-01T00:00:00.0000000",0,"0:00",0,"0:00",0,"0001-01-01T00:00:00.0000000",0,"0:00",0,"0:00",0,239,-19441000,"-5:24:01",0,52,-26035000,"-7:13:55",0,52,-26035000,"-7:13:55",0,"2026-05-09T07:00:00.000000","07:00:00","","","SWE",0,229,46,46,-3,0,0,"",0.000,0.200,0,78.000,1,0,0,"0:00",0,"se",0,"",1,"f",17,99,"","",0,"","","",0,""
585,"Joakim","Jakobsson","Joakim Jakobsson","M","SE","","","",";","Gotaleden Stafett & Ultra","Män","Ultra 75 km","Ultra 75 km","Mål",20,1,"DNS","","","0001-01-01T00:00:00.0000000",0,"0:00",0,"0:00",0,"0001-01-01T00:00:00.0000000",0,"0:00",0,"0:00",0,240,-19441000,"-5:24:01",0,188,-19441000,"-5:24:01",0,188,-19441000,"-5:24:01",0,"2026-05-09T07:00:00.000000","07:00:00","","","SWE",0,230,184,184,-3,-3,-3,"",0.000,0.200,0,78.000,1,0,0,"0:00",0,"se",0,"",1,"m",17,99,"","",0,"","","",0,""
684,"Amir","Kadic","Amir Kadic","M","SE","","","",";","Gotaleden Stafett & Ultra","Män","Ultra 75 km","Ultra 75 km","Mål",20,1,"DNS","","","0001-01-01T00:00:00.0000000",0,"0:00",0,"0:00",0,"0001-01-01T00:00:00.0000000",0,"0:00",0,"0:00",0,241,-19441000,"-5:24:01",0,189,-19441000,"-5:24:01",0,189,-19441000,"-5:24:01",0,"2026-05-09T07:00:00.000000","07:00:00","","","SWE",0,232,186,186,-3,-3,-3,"",0.000,0.200,0,78.000,1,0,0,"0:00",0,"se",0,"",1,"m",17,99,"","",0,"","","",0,""
666,"Linda","Karlsson","Linda Karlsson","F","SE","","","",";","Gotaleden Stafett & Ultra","Kvinnor","Ultra 75 km","Ultra 75 km","Mål",20,1,"DNS","","","0001-01-01T00:00:00.0000000",0,"0:00",0,"0:00",0,"0001-01-01T00:00:00.0000000",0,"0:00",0,"0:00",0,242,-19441000,"-5:24:01",0,53,-26035000,"-7:13:55",0,53,-26035000,"-7:13:55",0,"2026-05-09T07:00:00.000000","07:00:00","","","SWE",0,233,47,47,-3,0,0,"",0.000,0.200,0,78.000,1,0,0,"0:00",0,"se",0,"",1,"f",17,99,"","",0,"","","",0,""
519,"Peter","Karlsson","Peter Karlsson","M","SE","","","",";","Gotaleden Stafett & Ultra","Män","Ultra 75 km","Ultra 75 km","Mål",20,1,"DNS","","","2026-05-09T19:30:55.3700000",45055400,"12:30:56",45055400,"12:30:56",45055400,"2026-05-09T19:30:55.3700000",45055400,"12:30:56",45055400,"12:30:56",45055400,243,25614000,"7:06:54",0,190,25614000,"7:06:54",0,190,25614000,"7:06:54",0,"2026-05-09T07:00:00.000000","07:00:00","","","SWE",45055000,234,187,187,-3,-3,-3,"",0.000,0.200,0.02,78.000,1,6.23,9.627,"12:30:55",3754.658,"se",0,"",1,"m",17,99,"","",0,"","","",0,""
632,"Adrian","Kjellberg","Adrian Kjellberg","M","SE","","","",";","Gotaleden Stafett & Ultra","Män","Ultra 75 km","Ultra 75 km","Mål",20,1,"DNS","","","0001-01-01T00:00:00.0000000",0,"0:00",0,"0:00",0,"0001-01-01T00:00:00.0000000",0,"0:00",0,"0:00",0,244,-19441000,"-5:24:01",0,191,-19441000,"-5:24:01",0,191,-19441000,"-5:24:01",0,"2026-05-09T07:00:00.000000","07:00:00","","","SWE",0,236,189,189,-3,-3,-3,"",0.000,0.200,0,78.000,1,0,0,"0:00",0,"se",0,"",1,"m",17,99,"","",0,"","","",0,""
782,"Johanna","Kloepsch","Johanna Kloepsch","F","DE","","","",";","Gotaleden Stafett & Ultra","Kvinnor","Ultra 75 km","Ultra 75 km","Mål",20,1,"DNS","","","2026-05-09T19:10:58.5900000",43858600,"12:10:59",43858600,"12:10:59",43858600,"2026-05-09T19:10:58.5900000",43858600,"12:10:59",43858600,"12:10:59",43858600,245,24417000,"6:46:57",0,54,17823000,"4:57:03",0,54,17823000,"4:57:03",0,"2026-05-09T07:00:00.000000","07:00:00","","","GER",43858000,237,48,48,-3,0,0,"",0.000,0.200,0.02,78.000,1,6.40,9.372,"12:10:58",3654.906,"de",0,"",1,"f",17,99,"","",0,"","","",0,""
743,"Anders","Kullin","Anders Kullin","M","SE","","","",";","Gotaleden Stafett & Ultra","Män","Ultra 75 km","Ultra 75 km","Mål",20,1,"DNS","","","0001-01-01T00:00:00.0000000",0,"0:00",0,"0:00",0,"0001-01-01T00:00:00.0000000",0,"0:00",0,"0:00",0,246,-19441000,"-5:24:01",0,192,-19441000,"-5:24:01",0,192,-19441000,"-5:24:01",0,"2026-05-09T07:00:00.000000","07:00:00","","","SWE",0,239,190,190,-3,-3,-3,"",0.000,0.200,0,78.000,1,0,0,"0:00",0,"se",0,"",1,"m",17,99,"","",0,"","","",0,""
674,"Jonas","Landgren","Jonas Landgren","M","SE","","","",";","Gotaleden Stafett & Ultra","Män","Ultra 75 km","Ultra 75 km","Mål",20,1,"DNS","","","0001-01-01T00:00:00.0000000",0,"0:00",0,"0:00",0,"0001-01-01T00:00:00.0000000",0,"0:00",0,"0:00",0,247,-19441000,"-5:24:01",0,193,-19441000,"-5:24:01",0,193,-19441000,"-5:24:01",0,"2026-05-09T07:00:00.000000","07:00:00","","","SWE",0,240,191,191,-3,-3,-3,"",0.000,0.200,0,78.000,1,0,0,"0:00",0,"se",0,"",1,"m",17,99,"","",0,"","","",0,""
611,"Jacob","Lidman","Jacob Lidman","M","SE","","","",";","Gotaleden Stafett & Ultra","Män","Ultra 75 km","Ultra 75 km","Mål",20,1,"DNS","","","0001-01-01T00:00:00.0000000",0,"0:00",0,"0:00",0,"0001-01-01T00:00:00.0000000",0,"0:00",0,"0:00",0,248,-19441000,"-5:24:01",0,194,-19441000,"-5:24:01",0,194,-19441000,"-5:24:01",0,"2026-05-09T07:00:00.000000","07:00:00","","","SWE",0,241,192,192,-3,-3,-3,"",0.000,0.200,0,78.000,1,0,0,"0:00",0,"se",0,"",1,"m",17,99,"","",0,"","","",0,""
501,"Tobias","Liljeborg","Tobias Liljeborg","M","SE","","","",";","Gotaleden Stafett & Ultra","Män","Ultra 75 km","Ultra 75 km","Mål",20,1,"DNS","","","0001-01-01T00:00:00.0000000",0,"0:00",0,"0:00",0,"0001-01-01T00:00:00.0000000",0,"0:00",0,"0:00",0,249,-19441000,"-5:24:01",0,195,-19441000,"-5:24:01",0,195,-19441000,"-5:24:01",0,"2026-05-09T07:00:00.000000","07:00:00","","","SWE",0,242,193,193,-3,-3,-3,"",0.000,0.200,0,78.000,1,0,0,"0:00",0,"se",0,"",1,"m",17,99,"","",0,"","","",0,""
727,"Marie","Lind","Marie Lind","F","SE","","","",";","Gotaleden Stafett & Ultra","Kvinnor","Ultra 75 km","Ultra 75 km","Mål",20,1,"DNS","","","0001-01-01T00:00:00.0000000",0,"0:00",0,"0:00",0,"0001-01-01T00:00:00.0000000",0,"0:00",0,"0:00",0,250,-19441000,"-5:24:01",0,55,-26035000,"-7:13:55",0,55,-26035000,"-7:13:55",0,"2026-05-09T07:00:00.000000","07:00:00","","","SWE",0,243,50,50,-3,0,0,"",0.000,0.200,0,78.000,1,0,0,"0:00",0,"se",0,"",1,"f",17,99,"","",0,"","","",0,""
673,"Stefan","Lind","Stefan Lind","M","SE","","","",";","Gotaleden Stafett & Ultra","Män","Ultra 75 km","Ultra 75 km","Mål",20,1,"DNS","","","0001-01-01T00:00:00.0000000",0,"0:00",0,"0:00",0,"0001-01-01T00:00:00.0000000",0,"0:00",0,"0:00",0,251,-19441000,"-5:24:01",0,196,-19441000,"-5:24:01",0,196,-19441000,"-5:24:01",0,"2026-05-09T07:00:00.000000","07:00:00","","","SWE",0,244,194,194,-3,-3,-3,"",0.000,0.200,0,78.000,1,0,0,"0:00",0,"se",0,"",1,"m",17,99,"","",0,"","","",0,""
726,"Martin","Lindahl","Martin Lindahl","M","SE","","","",";","Gotaleden Stafett & Ultra","Män","Ultra 75 km","Ultra 75 km","Mål",20,1,"DNS","","","0001-01-01T00:00:00.0000000",0,"0:00",0,"0:00",0,"0001-01-01T00:00:00.0000000",0,"0:00",0,"0:00",0,252,-19441000,"-5:24:01",0,197,-19441000,"-5:24:01",0,197,-19441000,"-5:24:01",0,"2026-05-09T07:00:00.000000","07:00:00","","","SWE",0,245,195,195,-3,-3,-3,"",0.000,0.200,0,78.000,1,0,0,"0:00",0,"se",0,"",1,"m",17,99,"","",0,"","","",0,""
704,"Erik","Lindkvist","Erik Lindkvist","M","SE","","","",";","Gotaleden Stafett & Ultra","Män","Ultra 75 km","Ultra 75 km","Mål",20,1,"DNS","","","0001-01-01T00:00:00.0000000",0,"0:00",0,"0:00",0,"0001-01-01T00:00:00.0000000",0,"0:00",0,"0:00",0,253,-19441000,"-5:24:01",0,198,-19441000,"-5:24:01",0,198,-19441000,"-5:24:01",0,"2026-05-09T07:00:00.000000","07:00:00","","","SWE",0,246,196,196,-3,-3,-3,"",0.000,0.200,0,78.000,1,0,0,"0:00",0,"se",0,"",1,"m",17,99,"","",0,"","","",0,""
553,"Niklas","Lundgren","Niklas Lundgren","M","SE","","","",";","Gotaleden Stafett & Ultra","Män","Ultra 75 km","Ultra 75 km","Mål",20,1,"DNS","","","0001-01-01T00:00:00.0000000",0,"0:00",0,"0:00",0,"0001-01-01T00:00:00.0000000",0,"0:00",0,"0:00",0,254,-19441000,"-5:24:01",0,199,-19441000,"-5:24:01",0,199,-19441000,"-5:24:01",0,"2026-05-09T07:00:00.000000","07:00:00","","","SWE",0,247,197,197,-3,-3,-3,"",0.000,0.200,0,78.000,1,0,0,"0:00",0,"se",0,"",1,"m",17,99,"","",0,"","","",0,""
578,"Ann-Kristin","Mathiesen","Ann-Kristin Mathiesen","F","NO","","","",";","Gotaleden Stafett & Ultra","Kvinnor","Ultra 75 km","Ultra 75 km","Mål",20,1,"DNS","","","0001-01-01T00:00:00.0000000",0,"0:00",0,"0:00",0,"0001-01-01T00:00:00.0000000",0,"0:00",0,"0:00",0,255,-19441000,"-5:24:01",0,56,-26035000,"-7:13:55",0,56,-26035000,"-7:13:55",0,"2026-05-09T07:00:00.000000","07:00:00","","","NOR",0,249,52,52,-3,0,0,"",0.000,0.200,0,78.000,1,0,0,"0:00",0,"no",0,"",1,"f",17,99,"","",0,"","","",0,""
709,"Ida","Mörkeberg","Ida Mörkeberg","F","SE","","","",";","Gotaleden Stafett & Ultra","Kvinnor","Ultra 75 km","Ultra 75 km","Mål",20,1,"DNS","","","0001-01-01T00:00:00.0000000",0,"0:00",0,"0:00",0,"0001-01-01T00:00:00.0000000",0,"0:00",0,"0:00",0,256,-19441000,"-5:24:01",0,57,-26035000,"-7:13:55",0,57,-26035000,"-7:13:55",0,"2026-05-09T07:00:00.000000","07:00:00","","","SWE",0,250,53,53,-3,0,0,"",0.000,0.200,0,78.000,1,0,0,"0:00",0,"se",0,"",1,"f",17,99,"","",0,"","","",0,""
756,"Robin","Murén","Robin Murén","M","SE","","","",";","Gotaleden Stafett & Ultra","Män","Ultra 75 km","Ultra 75 km","Mål",20,1,"DNS","","","0001-01-01T00:00:00.0000000",0,"0:00",0,"0:00",0,"0001-01-01T00:00:00.0000000",0,"0:00",0,"0:00",0,257,-19441000,"-5:24:01",0,200,-19441000,"-5:24:01",0,200,-19441000,"-5:24:01",0,"2026-05-09T07:00:00.000000","07:00:00","","","SWE",0,251,198,198,-3,-3,-3,"",0.000,0.200,0,78.000,1,0,0,"0:00",0,"se",0,"",1,"m",17,99,"","",0,"","","",0,""
675,"Åsa","Nyholm","Åsa Nyholm","F","SE","","","",";","Gotaleden Stafett & Ultra","Kvinnor","Ultra 75 km","Ultra 75 km","Mål",20,1,"DNS","","","0001-01-01T00:00:00.0000000",0,"0:00",0,"0:00",0,"0001-01-01T00:00:00.0000000",0,"0:00",0,"0:00",0,258,-19441000,"-5:24:01",0,58,-26035000,"-7:13:55",0,58,-26035000,"-7:13:55",0,"2026-05-09T07:00:00.000000","07:00:00","","","SWE",0,254,55,55,-3,0,0,"",0.000,0.200,0,78.000,1,0,0,"0:00",0,"se",0,"",1,"f",17,99,"","",0,"","","",0,""
572,"Torbjörn","Nyholm","Torbjörn Nyholm","M","SE","","","",";","Gotaleden Stafett & Ultra","Män","Ultra 75 km","Ultra 75 km","Mål",20,1,"DNS","","","0001-01-01T00:00:00.0000000",0,"0:00",0,"0:00",0,"0001-01-01T00:00:00.0000000",0,"0:00",0,"0:00",0,259,-19441000,"-5:24:01",0,201,-19441000,"-5:24:01",0,201,-19441000,"-5:24:01",0,"2026-05-09T07:00:00.000000","07:00:00","","","SWE",0,255,200,200,-3,-3,-3,"",0.000,0.200,0,78.000,1,0,0,"0:00",0,"se",0,"",1,"m",17,99,"","",0,"","","",0,""
754,"Fredrik","Olsson","Fredrik Olsson","M","SE","","","",";","Gotaleden Stafett & Ultra","Män","Ultra 75 km","Ultra 75 km","Mål",20,1,"DNS","","","0001-01-01T00:00:00.0000000",0,"0:00",0,"0:00",0,"0001-01-01T00:00:00.0000000",0,"0:00",0,"0:00",0,260,-19441000,"-5:24:01",0,202,-19441000,"-5:24:01",0,202,-19441000,"-5:24:01",0,"2026-05-09T07:00:00.000000","07:00:00","","","SWE",0,256,201,201,-3,-3,-3,"",0.000,0.200,0,78.000,1,0,0,"0:00",0,"se",0,"",1,"m",17,99,"","",0,"","","",0,""
697,"Joakim","Olsson","Joakim Olsson","M","SE","","","",";","Gotaleden Stafett & Ultra","Män","Ultra 75 km","Ultra 75 km","Mål",20,1,"DNS","","","0001-01-01T00:00:00.0000000",0,"0:00",0,"0:00",0,"0001-01-01T00:00:00.0000000",0,"0:00",0,"0:00",0,261,-19441000,"-5:24:01",0,203,-19441000,"-5:24:01",0,203,-19441000,"-5:24:01",0,"2026-05-09T07:00:00.000000","07:00:00","","","SWE",0,257,202,202,-3,-3,-3,"",0.000,0.200,0,78.000,1,0,0,"0:00",0,"se",0,"",1,"m",17,99,"","",0,"","","",0,""
669,"Erik","Östlund","Erik Östlund","M","SE","","","",";","Gotaleden Stafett & Ultra","Män","Ultra 75 km","Ultra 75 km","Mål",20,1,"DNS","","","0001-01-01T00:00:00.0000000",0,"0:00",0,"0:00",0,"0001-01-01T00:00:00.0000000",0,"0:00",0,"0:00",0,262,-19441000,"-5:24:01",0,204,-19441000,"-5:24:01",0,204,-19441000,"-5:24:01",0,"2026-05-09T07:00:00.000000","07:00:00","","","SWE",0,259,203,203,-3,-3,-3,"",0.000,0.200,0,78.000,1,0,0,"0:00",0,"se",0,"",1,"m",17,99,"","",0,"","","",0,""
521,"Jonas","Rabe","Jonas Rabe","M","SE","","","",";","Gotaleden Stafett & Ultra","Män","Ultra 75 km","Ultra 75 km","Mål",20,1,"DNS","","","0001-01-01T00:00:00.0000000",0,"0:00",0,"0:00",0,"0001-01-01T00:00:00.0000000",0,"0:00",0,"0:00",0,263,-19441000,"-5:24:01",0,205,-19441000,"-5:24:01",0,205,-19441000,"-5:24:01",0,"2026-05-09T07:00:00.000000","07:00:00","","","SWE",0,260,204,204,-3,-3,-3,"",0.000,0.200,0,78.000,1,0,0,"0:00",0,"se",0,"",1,"m",17,99,"","",0,"","","",0,""
761,"Susanna","Riman","Susanna Riman","F","SE","","","",";","Gotaleden Stafett & Ultra","Kvinnor","Ultra 75 km","Ultra 75 km","Mål",20,1,"DNS","","","0001-01-01T00:00:00.0000000",0,"0:00",0,"0:00",0,"0001-01-01T00:00:00.0000000",0,"0:00",0,"0:00",0,264,-19441000,"-5:24:01",0,59,-26035000,"-7:13:55",0,59,-26035000,"-7:13:55",0,"2026-05-09T07:00:00.000000","07:00:00","","","SWE",0,261,57,57,-3,0,0,"",0.000,0.200,0,78.000,1,0,0,"0:00",0,"se",0,"",1,"f",17,99,"","",0,"","","",0,""
626,"Katja","Saari","Katja Saari","F","SE","","","",";","Gotaleden Stafett & Ultra","Kvinnor","Ultra 75 km","Ultra 75 km","Mål",20,1,"DNS","","","0001-01-01T00:00:00.0000000",0,"0:00",0,"0:00",0,"0001-01-01T00:00:00.0000000",0,"0:00",0,"0:00",0,265,-19441000,"-5:24:01",0,60,-26035000,"-7:13:55",0,60,-26035000,"-7:13:55",0,"2026-05-09T07:00:00.000000","07:00:00","","","SWE",0,262,58,58,-3,0,0,"",0.000,0.200,0,78.000,1,0,0,"0:00",0,"se",0,"",1,"f",17,99,"","",0,"","","",0,""
661,"Christian","Sandberg","Christian Sandberg","M","SE","","","",";","Gotaleden Stafett & Ultra","Män","Ultra 75 km","Ultra 75 km","Mål",20,1,"DNS","","","0001-01-01T00:00:00.0000000",0,"0:00",0,"0:00",0,"0001-01-01T00:00:00.0000000",0,"0:00",0,"0:00",0,266,-19441000,"-5:24:01",0,206,-19441000,"-5:24:01",0,206,-19441000,"-5:24:01",0,"2026-05-09T07:00:00.000000","07:00:00","","","SWE",0,263,205,205,-3,-3,-3,"",0.000,0.200,0,78.000,1,0,0,"0:00",0,"se",0,"",1,"m",17,99,"","",0,"","","",0,""
663,"Mattias","Sjöstrand","Mattias Sjöstrand","M","SE","","","",";","Gotaleden Stafett & Ultra","Män","Ultra 75 km","Ultra 75 km","Mål",20,1,"DNS","","","0001-01-01T00:00:00.0000000",0,"0:00",0,"0:00",0,"0001-01-01T00:00:00.0000000",0,"0:00",0,"0:00",0,267,-19441000,"-5:24:01",0,207,-19441000,"-5:24:01",0,207,-19441000,"-5:24:01",0,"2026-05-09T07:00:00.000000","07:00:00","","","SWE",0,265,207,207,-3,-3,-3,"",0.000,0.200,0,78.000,1,0,0,"0:00",0,"se",0,"",1,"m",17,99,"","",0,"","","",0,""
681,"Karl","Stenhård","Karl Stenhård","M","SE","","","",";","Gotaleden Stafett & Ultra","Män","Ultra 75 km","Ultra 75 km","Mål",20,1,"DNS","","","0001-01-01T00:00:00.0000000",0,"0:00",0,"0:00",0,"0001-01-01T00:00:00.0000000",0,"0:00",0,"0:00",0,268,-19441000,"-5:24:01",0,208,-19441000,"-5:24:01",0,208,-19441000,"-5:24:01",0,"2026-05-09T07:00:00.000000","07:00:00","","","SWE",0,267,208,208,-3,-3,-3,"",0.000,0.200,0,78.000,1,0,0,"0:00",0,"se",0,"",1,"m",17,99,"","",0,"","","",0,""
507,"Julia","Svennblad","Julia Svennblad","F","SE","","","",";","Gotaleden Stafett & Ultra","Kvinnor","Ultra 75 km","Ultra 75 km","Mål",20,1,"DNS","","","0001-01-01T00:00:00.0000000",0,"0:00",0,"0:00",0,"0001-01-01T00:00:00.0000000",0,"0:00",0,"0:00",0,269,-19441000,"-5:24:01",0,61,-26035000,"-7:13:55",0,61,-26035000,"-7:13:55",0,"2026-05-09T07:00:00.000000","07:00:00","","","SWE",0,268,60,60,-3,0,0,"",0.000,0.200,0,78.000,1,0,0,"0:00",0,"se",0,"",1,"f",17,99,"","",0,"","","",0,""
668,"Niklas","Törnqvist","Niklas Törnqvist","M","SE","","","",";","Gotaleden Stafett & Ultra","Män","Ultra 75 km","Ultra 75 km","Mål",20,1,"DNS","","","0001-01-01T00:00:00.0000000",0,"0:00",0,"0:00",0,"0001-01-01T00:00:00.0000000",0,"0:00",0,"0:00",0,270,-19441000,"-5:24:01",0,209,-19441000,"-5:24:01",0,209,-19441000,"-5:24:01",0,"2026-05-09T07:00:00.000000","07:00:00","","","SWE",0,270,209,209,-3,-3,-3,"",0.000,0.200,0,78.000,1,0,0,"0:00",0,"se",0,"",1,"m",17,99,"","",0,"","","",0,""
731,"Jonas","Wickstrand","Jonas Wickstrand","M","SE","","","",";","Gotaleden Stafett & Ultra","Män","Ultra 75 km","Ultra 75 km","Mål",20,1,"DNS","","","0001-01-01T00:00:00.0000000",0,"0:00",0,"0:00",0,"0001-01-01T00:00:00.0000000",0,"0:00",0,"0:00",0,271,-19441000,"-5:24:01",0,210,-19441000,"-5:24:01",0,210,-19441000,"-5:24:01",0,"2026-05-09T07:00:00.000000","07:00:00","","","SWE",0,271,210,210,-3,-3,-3,"",0.000,0.200,0,78.000,1,0,0,"0:00",0,"se",0,"",1,"m",17,99,"","",0,"","","",0,""
556,"Samuel","Wilck","Samuel Wilck","M","SE","","","",";","Gotaleden Stafett & Ultra","Män","Ultra 75 km","Ultra 75 km","Mål",20,1,"DNS","","","0001-01-01T00:00:00.0000000",0,"0:00",0,"0:00",0,"0001-01-01T00:00:00.0000000",0,"0:00",0,"0:00",0,272,-19441000,"-5:24:01",0,211,-19441000,"-5:24:01",0,211,-19441000,"-5:24:01",0,"2026-05-09T07:00:00.000000","07:00:00","","","SWE",0,272,211,211,-3,-3,-3,"",0.000,0.200,0,78.000,1,0,0,"0:00",0,"se",0,"",1,"m",17,99,"","",0,"","","",0,""
603,"Anton","Wilson","Anton Wilson","M","SE","","","",";","Gotaleden Stafett & Ultra","Män","Ultra 75 km","Ultra 75 km","Mål",20,1,"DNS","","","0001-01-01T00:00:00.0000000",0,"0:00",0,"0:00",0,"0001-01-01T00:00:00.0000000",0,"0:00",0,"0:00",0,273,-19441000,"-5:24:01",0,212,-19441000,"-5:24:01",0,212,-19441000,"-5:24:01",0,"2026-05-09T07:00:00.000000","07:00:00","","","SWE",0,273,212,212,-3,-3,-3,"",0.000,0.200,0,78.000,1,0,0,"0:00",0,"se",0,"",1,"m",17,99,"","",0,"","","",0,""
651,"Skyler","Yoshim","Skyler Yoshim","M","SE","","","",";","Gotaleden Stafett & Ultra","Män","Ultra 75 km","Ultra 75 km","Mål",20,1,"DNS","","","0001-01-01T00:00:00.0000000",0,"0:00",0,"0:00",0,"0001-01-01T00:00:00.0000000",0,"0:00",0,"0:00",0,274,-19441000,"-5:24:01",0,213,-19441000,"-5:24:01",0,213,-19441000,"-5:24:01",0,"2026-05-09T07:00:00.000000","07:00:00","","","SWE",0,274,213,213,-3,-3,-3,"",0.000,0.200,0,78.000,1,0,0,"0:00",0,"se",0,"",1,"m",17,99,"","",0,"","","",0,""