"Startnumber";"Firstname";"Surname";"Gender";"Nat";"Club";"Stage";"Class";"Group";"Total Time";"Total TimeHMS";"Total Time2";"Lap";"Rank Class";"Diff Winner Class";"Rank Gender";"Diff Winner Gender";"Rank Total";"Diff Winner Total";"TimeOfDay";"City";""
"1540";"Felicia";"Nolåker";"F";"SWE";"";"Sprint 35 km";"Kvinnor";"Sprint 35 km";"3:11:24";"03:11:23.900";"3:11:24";"1";"1";"0:00";"1";"0:00";"13";"24:36";"2026-05-09T15:11:23.8200000";"";""
"1620";"Jill";"Wake";"F";"SWE";"";"Sprint 35 km";"Kvinnor";"Sprint 35 km";"3:19:48";"03:19:47.700";"3:19:48";"1";"2";"8:24";"2";"8:24";"18";"33:00";"2026-05-09T15:19:47.6100000";"";""
"1641";"Siri Lyngstad";"Elvsborg";"F";"NOR";"";"Sprint 35 km";"Kvinnor";"Sprint 35 km";"3:20:45";"03:20:44.700";"3:20:45";"1";"3";"9:21";"3";"9:21";"19";"33:57";"2026-05-09T15:20:44.6800000";"";""
"1590";"Kristine";"Gabrielsson";"F";"NOR";"";"Sprint 35 km";"Kvinnor";"Sprint 35 km";"3:44:10";"03:44:09.800";"3:44:10";"1";"4";"32:46";"4";"32:46";"33";"57:22";"2026-05-09T15:44:09.7100000";"";""
"1524";"Maria";"Andersson";"F";"SWE";"";"Sprint 35 km";"Kvinnor";"Sprint 35 km";"3:44:11";"03:44:10.500";"3:44:11";"1";"5";"32:47";"5";"32:47";"34";"57:23";"2026-05-09T15:44:10.4300000";"";""
"1542";"Josephine";"Nadolski";"F";"SWE";"";"Sprint 35 km";"Kvinnor";"Sprint 35 km";"3:46:02";"03:46:01.800";"3:46:02";"1";"6";"34:38";"6";"34:38";"38";"59:14";"2026-05-09T15:46:01.7800000";"";""
"1655";"Linda";"Lindstedt";"F";"SWE";"";"Sprint 35 km";"Kvinnor";"Sprint 35 km";"3:47:50";"03:47:49.600";"3:47:50";"1";"7";"36:26";"7";"36:26";"40";"1:01:02";"2026-05-09T15:47:49.5200000";"";""
"1614";"Sofia";"Berggren";"F";"SWE";"";"Sprint 35 km";"Kvinnor";"Sprint 35 km";"3:47:51";"03:47:50.600";"3:47:51";"1";"8";"36:27";"8";"36:27";"41";"1:01:03";"2026-05-09T15:47:50.5500000";"";""
"1505";"Linda";"Sandberg";"F";"SWE";"";"Sprint 35 km";"Kvinnor";"Sprint 35 km";"3:49:28";"03:49:27.800";"3:49:28";"1";"9";"38:04";"9";"38:04";"43";"1:02:40";"2026-05-09T15:49:27.7400000";"";""
"1515";"Anna";"Eliasson";"F";"SWE";"";"Sprint 35 km";"Kvinnor";"Sprint 35 km";"3:53:28";"03:53:27.400";"3:53:28";"1";"10";"42:04";"10";"42:04";"48";"1:06:40";"2026-05-09T15:53:27.3800000";"";""
"1585";"Nelly";"Sinik";"F";"SWE";"";"Sprint 35 km";"Kvinnor";"Sprint 35 km";"3:56:03";"03:56:02.200";"3:56:03";"1";"11";"44:39";"11";"44:39";"50";"1:09:15";"2026-05-09T15:56:02.1900000";"";""
"1503";"Lina";"Jenslin";"F";"SWE";"";"Sprint 35 km";"Kvinnor";"Sprint 35 km";"3:56:26";"03:56:25.400";"3:56:26";"1";"12";"45:02";"12";"45:02";"52";"1:09:38";"2026-05-09T15:56:25.3500000";"";""
"1653";"Josephine";"Göransson";"F";"SWE";"";"Sprint 35 km";"Kvinnor";"Sprint 35 km";"4:03:32";"04:03:31.500";"4:03:32";"1";"13";"52:08";"13";"52:08";"59";"1:16:44";"2026-05-09T16:03:31.4300000";"";""
"1561";"Anette";"Larsson";"F";"SWE";"";"Sprint 35 km";"Kvinnor";"Sprint 35 km";"4:07:41";"04:07:40.800";"4:07:41";"1";"14";"56:17";"14";"56:17";"62";"1:20:53";"2026-05-09T16:07:40.7600000";"";""
"1574";"Rebecca";"Sandsjö";"F";"SWE";"";"Sprint 35 km";"Kvinnor";"Sprint 35 km";"4:08:41";"04:08:40.700";"4:08:41";"1";"15";"57:17";"15";"57:17";"64";"1:21:53";"2026-05-09T16:08:40.6700000";"";""
"1624";"Kathrine";"Stenberg";"F";"NOR";"";"Sprint 35 km";"Kvinnor";"Sprint 35 km";"4:09:26";"04:09:25.300";"4:09:26";"1";"16";"58:02";"16";"58:02";"67";"1:22:38";"2026-05-09T16:09:25.2700000";"";""
"1519";"Sofia";"Rydler";"F";"SWE";"";"Sprint 35 km";"Kvinnor";"Sprint 35 km";"4:13:15";"04:13:14.800";"4:13:15";"1";"17";"1:01:51";"17";"1:01:51";"69";"1:26:27";"2026-05-09T16:13:14.7900000";"";""
"1533";"Maria";"Lundmark";"F";"SWE";"";"Sprint 35 km";"Kvinnor";"Sprint 35 km";"4:16:01";"04:16:00.700";"4:16:01";"1";"18";"1:04:37";"18";"1:04:37";"72";"1:29:13";"2026-05-09T16:16:00.6700000";"";""
"1628";"Susanne";"Svedberg";"F";"SWE";"";"Sprint 35 km";"Kvinnor";"Sprint 35 km";"4:16:01";"04:16:00.900";"4:16:01";"1";"19";"1:04:37";"19";"1:04:37";"73";"1:29:13";"2026-05-09T16:16:00.8100000";"";""
"1538";"Bitte";"Nordin";"F";"SWE";"";"Sprint 35 km";"Kvinnor";"Sprint 35 km";"4:20:06";"04:20:06.000";"4:20:06";"1";"20";"1:08:43";"20";"1:08:43";"79";"1:33:19";"2026-05-09T16:20:05.9200000";"";""
"1578";"Mabel";"Van Heeren";"F";"NED";"";"Sprint 35 km";"Kvinnor";"Sprint 35 km";"4:20:59";"04:20:58.900";"4:20:59";"1";"21";"1:09:35";"21";"1:09:35";"80";"1:34:11";"2026-05-09T16:20:58.8300000";"";""
"1520";"Natalia";"Roznowska";"F";"POL";"";"Sprint 35 km";"Kvinnor";"Sprint 35 km";"4:21:00";"04:21:00.000";"4:21:00";"1";"22";"1:09:37";"22";"1:09:37";"81";"1:34:13";"2026-05-09T16:20:59.9400000";"";""
"1523";"Hanna";"Henström";"F";"SWE";"";"Sprint 35 km";"Kvinnor";"Sprint 35 km";"4:21:18";"04:21:17.300";"4:21:18";"1";"23";"1:09:54";"23";"1:09:54";"83";"1:34:30";"2026-05-09T16:21:17.2100000";"";""
"1572";"Lisa";"Ekström";"F";"SWE";"";"Sprint 35 km";"Kvinnor";"Sprint 35 km";"4:23:46";"04:23:45.500";"4:23:46";"1";"24";"1:12:22";"24";"1:12:22";"87";"1:36:58";"2026-05-09T16:23:45.4300000";"";""
"1570";"Elisabet";"Johannesson";"F";"SWE";"";"Sprint 35 km";"Kvinnor";"Sprint 35 km";"4:25:18";"04:25:17.500";"4:25:18";"1";"25";"1:13:54";"25";"1:13:54";"89";"1:38:30";"2026-05-09T16:25:17.4500000";"";""
"1651";"Helena";"Gustavsson";"F";"SWE";"";"Sprint 35 km";"Kvinnor";"Sprint 35 km";"4:26:45";"04:26:44.400";"4:26:45";"1";"26";"1:15:21";"26";"1:15:21";"90";"1:39:57";"2026-05-09T16:26:44.3400000";"";""
"1509";"Minna";"Vallaste";"F";"SWE";"";"Sprint 35 km";"Kvinnor";"Sprint 35 km";"4:28:51";"04:28:50.700";"4:28:51";"1";"27";"1:17:27";"27";"1:17:27";"92";"1:42:03";"2026-05-09T16:28:50.6400000";"";""
"1586";"Petra";"Lavås";"F";"SWE";"";"Sprint 35 km";"Kvinnor";"Sprint 35 km";"4:29:28";"04:29:27.100";"4:29:28";"1";"28";"1:18:04";"28";"1:18:04";"93";"1:42:40";"2026-05-09T16:29:27.0600000";"";""
"1606";"Cecilia";"Hornö Eriksen";"F";"SWE";"";"Sprint 35 km";"Kvinnor";"Sprint 35 km";"4:29:40";"04:29:39.900";"4:29:40";"1";"29";"1:18:16";"29";"1:18:16";"95";"1:42:52";"2026-05-09T16:29:39.8500000";"";""
"1643";"Karin";"Johansson";"F";"SWE";"";"Sprint 35 km";"Kvinnor";"Sprint 35 km";"4:32:46";"04:32:45.500";"4:32:46";"1";"30";"1:21:22";"30";"1:21:22";"97";"1:45:58";"2026-05-09T16:32:45.4300000";"";""
"1569";"Emma";"Fransson";"F";"SWE";"";"Sprint 35 km";"Kvinnor";"Sprint 35 km";"4:35:01";"04:35:00.700";"4:35:01";"1";"31";"1:23:37";"31";"1:23:37";"100";"1:48:13";"2026-05-09T16:35:00.6700000";"";""
"1508";"Sara";"Hagman";"F";"SWE";"";"Sprint 35 km";"Kvinnor";"Sprint 35 km";"4:35:02";"04:35:01.700";"4:35:02";"1";"32";"1:23:38";"32";"1:23:38";"101";"1:48:14";"2026-05-09T16:35:01.7000000";"";""
"1501";"Lisa";"Eriksson";"F";"SWE";"";"Sprint 35 km";"Kvinnor";"Sprint 35 km";"4:35:15";"04:35:14.500";"4:35:15";"1";"33";"1:23:51";"33";"1:23:51";"102";"1:48:27";"2026-05-09T16:35:14.4800000";"";""
"1551";"Evelina";"Askerlund";"F";"SWE";"";"Sprint 35 km";"Kvinnor";"Sprint 35 km";"4:35:20";"04:35:20.000";"4:35:20";"1";"34";"1:23:57";"34";"1:23:57";"103";"1:48:33";"2026-05-09T16:35:19.9300000";"";""
"1527";"Madeline";"Tatom";"F";"SWE";"";"Sprint 35 km";"Kvinnor";"Sprint 35 km";"4:35:53";"04:35:52.200";"4:35:53";"1";"35";"1:24:29";"35";"1:24:29";"104";"1:49:05";"2026-05-09T16:35:52.1900000";"";""
"1548";"Louise";"Ulfstad";"F";"SWE";"";"Sprint 35 km";"Kvinnor";"Sprint 35 km";"4:43:52";"04:43:51.500";"4:43:52";"1";"36";"1:32:28";"36";"1:32:28";"108";"1:57:04";"2026-05-09T16:43:51.4700000";"";""
"1599";"Ulrika";"Winge";"F";"SWE";"";"Sprint 35 km";"Kvinnor";"Sprint 35 km";"4:44:07";"04:44:06.300";"4:44:07";"1";"37";"1:32:43";"37";"1:32:43";"110";"1:57:19";"2026-05-09T16:44:06.2100000";"";""
"1558";"Lisa";"Jorlén";"F";"SWE";"";"Sprint 35 km";"Kvinnor";"Sprint 35 km";"4:45:47";"04:45:46.100";"4:45:47";"1";"38";"1:34:23";"38";"1:34:23";"111";"1:58:59";"2026-05-09T16:45:46.1000000";"";""
"1544";"Josefin";"Nyman Järhult";"F";"SWE";"";"Sprint 35 km";"Kvinnor";"Sprint 35 km";"4:53:58";"04:53:57.400";"4:53:58";"1";"39";"1:42:34";"39";"1:42:34";"112";"2:07:10";"2026-05-09T16:53:57.4000000";"";""
"1592";"Sara";"Järkmyr";"F";"SWE";"";"Sprint 35 km";"Kvinnor";"Sprint 35 km";"4:59:07";"04:59:06.200";"4:59:07";"1";"40";"1:47:43";"40";"1:47:43";"113";"2:12:19";"2026-05-09T16:59:06.1400000";"";""
"1514";"Linda";"Andersson";"F";"SWE";"";"Sprint 35 km";"Kvinnor";"Sprint 35 km";"5:03:54";"05:03:54.000";"5:03:54";"1";"41";"1:52:31";"41";"1:52:31";"114";"2:17:07";"2026-05-09T17:03:54.0000000";"";""
"1513";"Stine";"Venseth";"F";"NOR";"";"Sprint 35 km";"Kvinnor";"Sprint 35 km";"5:13:07";"05:13:06.800";"5:13:07";"1";"42";"2:01:43";"42";"2:01:43";"115";"2:26:19";"2026-05-09T17:13:06.7400000";"";""
"1504";"Elin";"Nilsson";"F";"SWE";"Elin Nilsson";"Sprint 35 km";"Kvinnor";"Sprint 35 km";"5:13:08";"05:13:07.800";"5:13:08";"1";"43";"2:01:44";"43";"2:01:44";"116";"2:26:20";"2026-05-09T17:13:07.7100000";"";""
"1534";"Janette";"Lamkiewicz";"F";"SWE";"";"Sprint 35 km";"Kvinnor";"Sprint 35 km";"5:20:26";"05:20:25.900";"5:20:26";"1";"44";"2:09:02";"44";"2:09:02";"117";"2:33:38";"2026-05-09T17:20:25.8900000";"";""
"1554";"Li";"Lindström";"F";"SWE";"";"Sprint 35 km";"Kvinnor";"Sprint 35 km";"5:26:58";"05:26:57.600";"5:26:58";"1";"45";"2:15:34";"45";"2:15:34";"119";"2:40:10";"2026-05-09T17:26:57.5300000";"";""
"1577";"Jenny";"Karlsson";"F";"SWE";"";"Sprint 35 km";"Kvinnor";"Sprint 35 km";"5:26:59";"05:26:59.000";"5:26:59";"1";"46";"2:15:36";"46";"2:15:36";"120";"2:40:12";"2026-05-09T17:26:58.9600000";"";""
"1573";"Lisa";"Hermansson";"F";"SWE";"";"Sprint 35 km";"Kvinnor";"Sprint 35 km";"5:33:25";"05:33:24.600";"5:33:25";"1";"47";"2:22:01";"47";"2:22:01";"121";"2:46:37";"2026-05-09T17:33:24.5700000";"";""
"1559";"Angelica";"Petersson";"F";"SWE";"";"Sprint 35 km";"Kvinnor";"Sprint 35 km";"5:49:06";"05:49:05.500";"5:49:06";"1";"48";"2:37:42";"48";"2:37:42";"123";"3:02:18";"2026-05-09T17:49:05.4200000";"";""
"1609";"Caroline";"Everhult";"F";"SWE";"";"Sprint 35 km";"Kvinnor";"Sprint 35 km";"5:57:01";"05:57:00.600";"5:57:01";"1";"49";"2:45:37";"49";"2:45:37";"124";"3:10:13";"2026-05-09T17:57:00.5600000";"";""
"1535";"Anna";"Larsson";"F";"SWE";"";"Sprint 35 km";"Kvinnor";"Sprint 35 km";"5:57:03";"05:57:02.800";"5:57:03";"1";"50";"2:45:39";"50";"2:45:39";"125";"3:10:15";"2026-05-09T17:57:02.7300000";"";""
"1549";"Camilla";"Unger";"F";"SWE";"";"Sprint 35 km";"Kvinnor";"Sprint 35 km";"6:22:04";"06:22:03.500";"6:22:04";"1";"51";"3:10:40";"51";"3:10:40";"126";"3:35:16";"2026-05-09T18:22:03.4100000";"";""
"1511";"Moa";"Bladini";"F";"SWE";"";"Sprint 35 km";"Kvinnor";"Sprint 35 km";"DNF";"00:00:00.000";"DNF";"1";"52";"";"52";"";"128";"";"";"";""
"1579";"Sara";"Uhnoo";"F";"SWE";"";"Sprint 35 km";"Kvinnor";"Sprint 35 km";"DNF";"00:00:00.000";"DNF";"1";"53";"";"53";"";"129";"";"";"";""
"1541";"Linda";"Axelsson";"F";"SWE";"";"Sprint 35 km";"Kvinnor";"Sprint 35 km";"DNS";"00:00:00.000";"DNS";"1";"54";"";"54";"";"130";"";"";"";""
"1639";"Sofie";"Eduards";"F";"SWE";"";"Sprint 35 km";"Kvinnor";"Sprint 35 km";"DNS";"00:00:00.000";"DNS";"1";"55";"";"55";"";"134";"";"";"";""
"1615";"Klara";"Emanuelsson Hummel";"F";"SWE";"";"Sprint 35 km";"Kvinnor";"Sprint 35 km";"DNS";"00:00:00.000";"DNS";"1";"56";"";"56";"";"136";"";"";"";""
"1654";"Linn";"Eriksson";"F";"SWE";"";"Sprint 35 km";"Kvinnor";"Sprint 35 km";"DNS";"00:00:00.000";"DNS";"1";"57";"";"57";"";"137";"";"";"";""
"1532";"Andrea";"Gullberg Lidö";"F";"SWE";"";"Sprint 35 km";"Kvinnor";"Sprint 35 km";"DNS";"00:00:00.000";"DNS";"1";"58";"";"58";"";"139";"";"";"";""
"1625";"Pernilla";"Hänninen";"F";"SWE";"";"Sprint 35 km";"Kvinnor";"Sprint 35 km";"DNS";"00:00:00.000";"DNS";"1";"59";"";"59";"";"140";"";"";"";""
"1516";"Hillevi";"Jenslin Sund";"F";"SWE";"";"Sprint 35 km";"Kvinnor";"Sprint 35 km";"DNS";"00:00:00.000";"DNS";"1";"60";"";"60";"";"141";"";"";"";""
"1635";"Åsa";"Lind";"F";"SWE";"";"Sprint 35 km";"Kvinnor";"Sprint 35 km";"DNS";"00:00:00.000";"DNS";"1";"61";"";"61";"";"144";"";"";"";""
"1594";"Sara";"Lindqvist";"F";"SWE";"";"Sprint 35 km";"Kvinnor";"Sprint 35 km";"DNS";"00:00:00.000";"DNS";"1";"62";"";"62";"";"145";"";"";"";""
"1612";"Susanne";"Ljungberg";"F";"SWE";"";"Sprint 35 km";"Kvinnor";"Sprint 35 km";"DNS";"00:00:00.000";"DNS";"1";"63";"";"63";"";"146";"";"";"";""
"1565";"Sandra";"Löfberg";"F";"SWE";"";"Sprint 35 km";"Kvinnor";"Sprint 35 km";"DNS";"00:00:00.000";"DNS";"1";"64";"";"64";"";"147";"";"";"";""
"1575";"Johanna";"Nilsson";"F";"SWE";"";"Sprint 35 km";"Kvinnor";"Sprint 35 km";"DNS";"00:00:00.000";"DNS";"1";"65";"";"65";"";"152";"";"";"";""
"1619";"Camilla";"Petrini";"F";"SWE";"";"Sprint 35 km";"Kvinnor";"Sprint 35 km";"DNS";"00:00:00.000";"DNS";"1";"66";"";"66";"";"154";"";"";"";""
"1597";"Ursula";"Schwarz";"F";"SWE";"";"Sprint 35 km";"Kvinnor";"Sprint 35 km";"DNS";"00:00:00.000";"DNS";"1";"67";"";"67";"";"156";"";"";"";""
"1518";"Clara";"Stamborg";"F";"SWE";"";"Sprint 35 km";"Kvinnor";"Sprint 35 km";"DNS";"00:00:00.000";"DNS";"1";"68";"";"68";"";"157";"";"";"";""
"1562";"Simone";"Vidal";"F";"SWE";"";"Sprint 35 km";"Kvinnor";"Sprint 35 km";"DNS";"00:00:00.000";"DNS";"1";"69";"";"69";"";"161";"";"";"";""
"1630";"Daniel";"Norin";"M";"SWE";"";"Sprint 35 km";"Män";"Sprint 35 km";"2:46:48";"02:46:47.100";"2:46:48";"1";"1";"0:00";"1";"0:00";"1";"0:00";"2026-05-09T14:46:47.0800000";"";""
"1621";"Svante";"Lundgren";"M";"SWE";"";"Sprint 35 km";"Män";"Sprint 35 km";"2:48:42";"02:48:41.300";"2:48:42";"1";"2";"1:54";"2";"1:54";"2";"1:54";"2026-05-09T14:48:41.2700000";"";""
"1506";"Johan";"Hindér";"M";"SWE";"";"Sprint 35 km";"Män";"Sprint 35 km";"2:52:25";"02:52:25.000";"2:52:25";"1";"3";"5:38";"3";"5:38";"3";"5:38";"2026-05-09T14:52:24.9200000";"";""
"1552";"Emil";"Hansson";"M";"SWE";"";"Sprint 35 km";"Män";"Sprint 35 km";"2:52:30";"02:52:29.200";"2:52:30";"1";"4";"5:42";"4";"5:42";"4";"5:42";"2026-05-09T14:52:29.1700000";"";""
"1648";"Gustav";"Larsen";"M";"SWE";"";"Sprint 35 km";"Män";"Sprint 35 km";"2:54:09";"02:54:08.600";"2:54:09";"1";"5";"7:21";"5";"7:21";"5";"7:21";"2026-05-09T14:54:08.5100000";"";""
"1607";"Josef";"Giger";"M";"SWE";"";"Sprint 35 km";"Män";"Sprint 35 km";"2:54:18";"02:54:18.000";"2:54:18";"1";"6";"7:31";"6";"7:31";"6";"7:31";"2026-05-09T14:54:17.9200000";"";""
"1566";"Tony";"Grunander";"M";"SWE";"";"Sprint 35 km";"Män";"Sprint 35 km";"3:00:06";"03:00:05.400";"3:00:06";"1";"7";"13:18";"7";"13:18";"7";"13:18";"2026-05-09T15:00:05.3500000";"";""
"1646";"Daniel";"Larsson";"M";"SWE";"";"Sprint 35 km";"Män";"Sprint 35 km";"3:05:23";"03:05:22.200";"3:05:23";"1";"8";"18:35";"8";"18:35";"8";"18:35";"2026-05-09T15:05:22.2000000";"";""
"1530";"Linus";"Wall";"M";"SWE";"";"Sprint 35 km";"Män";"Sprint 35 km";"3:05:35";"03:05:34.200";"3:05:35";"1";"9";"18:47";"9";"18:47";"9";"18:47";"2026-05-09T15:05:34.1900000";"";""
"1564";"Jens";"Albrektsson";"M";"SWE";"";"Sprint 35 km";"Män";"Sprint 35 km";"3:06:40";"03:06:39.100";"3:06:40";"1";"10";"19:52";"10";"19:52";"10";"19:52";"2026-05-09T15:06:39.0500000";"";""
"1662";"Rasmus";"Lygner";"M";"SWE";"";"Sprint 35 km";"Män";"Sprint 35 km";"3:09:57";"03:09:56.400";"3:09:57";"1";"11";"23:09";"11";"23:09";"11";"23:09";"2026-05-09T15:09:56.3200000";"";""
"1636";"Daniel";"Hultquist";"M";"SWE";"";"Sprint 35 km";"Män";"Sprint 35 km";"3:11:14";"03:11:13.900";"3:11:14";"1";"12";"24:26";"12";"24:26";"12";"24:26";"2026-05-09T15:11:13.8100000";"";""
"1521";"Linus";"Andersson";"M";"SWE";"";"Sprint 35 km";"Män";"Sprint 35 km";"3:11:33";"03:11:32.900";"3:11:33";"1";"13";"24:45";"13";"24:45";"14";"24:45";"2026-05-09T15:11:32.8400000";"";""
"1555";"Simon";"Siöstedt";"M";"SWE";"";"Sprint 35 km";"Män";"Sprint 35 km";"3:12:43";"03:12:42.200";"3:12:43";"1";"14";"25:55";"14";"25:55";"15";"25:55";"2026-05-09T15:12:42.2000000";"";""
"1571";"Henrik";"Ekström";"M";"SWE";"";"Sprint 35 km";"Män";"Sprint 35 km";"3:14:55";"03:14:54.800";"3:14:55";"1";"15";"28:07";"15";"28:07";"16";"28:07";"2026-05-09T15:14:54.8000000";"";""
"1557";"Fredrik";"Dahlbom";"M";"SWE";"";"Sprint 35 km";"Män";"Sprint 35 km";"3:17:39";"03:17:38.600";"3:17:39";"1";"16";"30:51";"16";"30:51";"17";"30:51";"2026-05-09T15:17:38.5400000";"";""
"1525";"Juan";"Ortiz";"M";"SWE";"";"Sprint 35 km";"Män";"Sprint 35 km";"3:26:04";"03:26:03.600";"3:26:04";"1";"17";"39:16";"17";"39:16";"20";"39:16";"2026-05-09T15:26:03.5700000";"";""
"1567";"Christoffer";"Johansson";"M";"SWE";"";"Sprint 35 km";"Män";"Sprint 35 km";"3:27:53";"03:27:52.400";"3:27:53";"1";"18";"41:05";"18";"41:05";"21";"41:05";"2026-05-09T15:27:52.3800000";"";""
"1600";"Andreas";"Corin";"M";"SWE";"";"Sprint 35 km";"Män";"Sprint 35 km";"3:27:53";"03:27:52.600";"3:27:53";"1";"19";"41:05";"19";"41:05";"22";"41:05";"2026-05-09T15:27:52.5100000";"";""
"1650";"Abraham";"Gnann";"M";"USA";"";"Sprint 35 km";"Män";"Sprint 35 km";"3:29:11";"03:29:10.500";"3:29:11";"1";"20";"42:23";"20";"42:23";"23";"42:23";"2026-05-09T15:29:10.4900000";"";""
"1666";"Viktor";"Byhr";"M";"SWE";"";"Sprint 35 km";"Män";"Sprint 35 km";"3:32:43";"03:32:42.900";"3:32:43";"1";"21";"45:55";"21";"45:55";"24";"45:55";"2026-05-09T15:32:42.8800000";"";""
"1595";"Mikael";"Rangfeldt";"M";"SWE";"";"Sprint 35 km";"Män";"Sprint 35 km";"3:34:02";"03:34:01.100";"3:34:02";"1";"22";"47:14";"22";"47:14";"25";"47:14";"2026-05-09T15:34:01.0300000";"";""
"1602";"Andreas";"Stark";"M";"SWE";"";"Sprint 35 km";"Män";"Sprint 35 km";"3:34:49";"03:34:48.600";"3:34:49";"1";"23";"48:01";"23";"48:01";"26";"48:01";"2026-05-09T15:34:48.5300000";"";""
"1608";"Carl-Henrik";"Lantz";"M";"SWE";"";"Sprint 35 km";"Män";"Sprint 35 km";"3:35:07";"03:35:07.000";"3:35:07";"1";"24";"48:20";"24";"48:20";"27";"48:20";"2026-05-09T15:35:06.9200000";"";""
"1633";"Fredrik";"Bergström";"M";"SWE";"";"Sprint 35 km";"Män";"Sprint 35 km";"3:35:19";"03:35:18.700";"3:35:19";"1";"25";"48:31";"25";"48:31";"28";"48:31";"2026-05-09T15:35:18.6100000";"";""
"1665";"Peter";"Hellman";"M";"SWE";"";"Sprint 35 km";"Män";"Sprint 35 km";"3:36:37";"03:36:36.400";"3:36:37";"1";"26";"49:49";"26";"49:49";"29";"49:49";"2026-05-09T15:36:36.3100000";"";""
"1553";"Kai";"Ollenschläger";"M";"GER";"";"Sprint 35 km";"Män";"Sprint 35 km";"3:36:55";"03:36:54.100";"3:36:55";"1";"27";"50:07";"27";"50:07";"30";"50:07";"2026-05-09T15:36:54.0500000";"";""
"1560";"Peter";"Torstensson";"M";"SWE";"";"Sprint 35 km";"Män";"Sprint 35 km";"3:41:44";"03:41:43.700";"3:41:44";"1";"28";"54:56";"28";"54:56";"31";"54:56";"2026-05-09T15:41:43.7000000";"";""
"1596";"Daniel";"Rydler";"M";"SWE";"";"Sprint 35 km";"Män";"Sprint 35 km";"3:43:59";"03:43:58.900";"3:43:59";"1";"29";"57:11";"29";"57:11";"32";"57:11";"2026-05-09T15:43:58.8600000";"";""
"1642";"Jesper";"Eriksson";"M";"SWE";"";"Sprint 35 km";"Män";"Sprint 35 km";"3:44:11";"03:44:10.600";"3:44:11";"1";"30";"57:23";"30";"57:23";"35";"57:23";"2026-05-09T15:44:10.6000000";"";""
"1587";"Pär";"Josefsson";"M";"SWE";"";"Sprint 35 km";"Män";"Sprint 35 km";"3:44:27";"03:44:26.100";"3:44:27";"1";"31";"57:39";"31";"57:39";"36";"57:39";"2026-05-09T15:44:26.0400000";"";""
"1618";"Linus";"Oskarsson";"M";"SWE";"";"Sprint 35 km";"Män";"Sprint 35 km";"3:44:57";"03:44:56.600";"3:44:57";"1";"32";"58:09";"32";"58:09";"37";"58:09";"2026-05-09T15:44:56.5700000";"";""
"1659";"Vittorio";"Buccheri";"M";"ITA";"";"Sprint 35 km";"Män";"Sprint 35 km";"3:47:05";"03:47:04.100";"3:47:05";"1";"33";"1:00:17";"33";"1:00:17";"39";"1:00:17";"2026-05-09T15:47:04.1000000";"";""
"1588";"Per";"Adamsson";"M";"SWE";"";"Sprint 35 km";"Män";"Sprint 35 km";"3:48:37";"03:48:36.400";"3:48:37";"1";"34";"1:01:49";"34";"1:01:49";"42";"1:01:49";"2026-05-09T15:48:36.3800000";"";""
"1616";"Samuel";"Vestlin";"M";"SWE";"";"Sprint 35 km";"Män";"Sprint 35 km";"3:50:48";"03:50:47.600";"3:50:48";"1";"35";"1:04:00";"35";"1:04:00";"44";"1:04:00";"2026-05-09T15:50:47.5200000";"";""
"1531";"Anders";"Retzner";"M";"SWE";"";"Sprint 35 km";"Män";"Sprint 35 km";"3:51:17";"03:51:16.300";"3:51:17";"1";"36";"1:04:29";"36";"1:04:29";"45";"1:04:29";"2026-05-09T15:51:16.2500000";"";""
"1522";"Per";"Hillerström";"M";"SWE";"";"Sprint 35 km";"Män";"Sprint 35 km";"3:53:07";"03:53:06.100";"3:53:07";"1";"37";"1:06:19";"37";"1:06:19";"46";"1:06:19";"2026-05-09T15:53:06.0300000";"";""
"1626";"Stefan";"Gustafsson";"M";"SWE";"";"Sprint 35 km";"Män";"Sprint 35 km";"3:53:12";"03:53:11.800";"3:53:12";"1";"38";"1:06:24";"38";"1:06:24";"47";"1:06:24";"2026-05-09T15:53:11.7300000";"";""
"1603";"Bonny";"Sandberg";"M";"SWE";"";"Sprint 35 km";"Män";"Sprint 35 km";"3:53:46";"03:53:45.900";"3:53:46";"1";"39";"1:06:58";"39";"1:06:58";"49";"1:06:58";"2026-05-09T15:53:45.8500000";"";""
"1593";"Isac";"Kylberg";"M";"SWE";"";"Sprint 35 km";"Män";"Sprint 35 km";"3:56:25";"03:56:24.100";"3:56:25";"1";"40";"1:09:37";"40";"1:09:37";"51";"1:09:37";"2026-05-09T15:56:24.0200000";"";""
"1510";"Anders";"Carlson";"M";"SWE";"";"Sprint 35 km";"Män";"Sprint 35 km";"3:57:05";"03:57:04.400";"3:57:05";"1";"41";"1:10:17";"41";"1:10:17";"53";"1:10:17";"2026-05-09T15:57:04.3500000";"";""
"1660";"Lars";"Eliasson";"M";"SWE";"";"Sprint 35 km";"Män";"Sprint 35 km";"3:57:11";"03:57:11.000";"3:57:11";"1";"42";"1:10:24";"42";"1:10:24";"54";"1:10:24";"2026-05-09T15:57:10.9600000";"";""
"1584";"Hugo";"Johansen";"M";"SWE";"";"Sprint 35 km";"Män";"Sprint 35 km";"4:01:02";"04:01:01.100";"4:01:02";"1";"43";"1:14:14";"43";"1:14:14";"55";"1:14:14";"2026-05-09T16:01:01.0300000";"";""
"1631";"Hugo";"Dunmark";"M";"SWE";"";"Sprint 35 km";"Män";"Sprint 35 km";"4:01:02";"04:01:01.400";"4:01:02";"1";"44";"1:14:14";"44";"1:14:14";"56";"1:14:14";"2026-05-09T16:01:01.3200000";"";""
"1589";"Karl";"Griphammar";"M";"SWE";"";"Sprint 35 km";"Män";"Sprint 35 km";"4:01:27";"04:01:26.900";"4:01:27";"1";"45";"1:14:39";"45";"1:14:39";"57";"1:14:39";"2026-05-09T16:01:26.8700000";"";""
"1647";"Henrik";"Wirsin";"M";"SWE";"";"Sprint 35 km";"Män";"Sprint 35 km";"4:01:32";"04:01:31.900";"4:01:32";"1";"46";"1:14:44";"46";"1:14:44";"58";"1:14:44";"2026-05-09T16:01:31.8600000";"";""
"1543";"Azad";"Demir";"M";"SWE";"";"Sprint 35 km";"Män";"Sprint 35 km";"4:06:05";"04:06:04.100";"4:06:05";"1";"47";"1:19:17";"47";"1:19:17";"60";"1:19:17";"2026-05-09T16:06:04.1000000";"";""
"1545";"Daniel";"Olander";"M";"SWE";"";"Sprint 35 km";"Män";"Sprint 35 km";"4:07:25";"04:07:24.200";"4:07:25";"1";"48";"1:20:37";"48";"1:20:37";"61";"1:20:37";"2026-05-09T16:07:24.1300000";"";""
"1507";"Martin";"Johansson";"M";"SWE";"";"Sprint 35 km";"Män";"Sprint 35 km";"4:07:41";"04:07:40.900";"4:07:41";"1";"49";"1:20:53";"49";"1:20:53";"63";"1:20:53";"2026-05-09T16:07:40.8900000";"";""
"1640";"Noah";"Bergqvist";"M";"SWE";"";"Sprint 35 km";"Män";"Sprint 35 km";"4:08:50";"04:08:49.300";"4:08:50";"1";"50";"1:22:02";"50";"1:22:02";"65";"1:22:02";"2026-05-09T16:08:49.2800000";"";""
"1526";"Joakim";"Olander";"M";"SWE";"";"Sprint 35 km";"Män";"Sprint 35 km";"4:09:15";"04:09:14.800";"4:09:15";"1";"51";"1:22:27";"51";"1:22:27";"66";"1:22:27";"2026-05-09T16:09:14.8000000";"";""
"1629";"Simon";"Sundin";"M";"SWE";"";"Sprint 35 km";"Män";"Sprint 35 km";"4:12:57";"04:12:56.800";"4:12:57";"1";"52";"1:26:09";"52";"1:26:09";"68";"1:26:09";"2026-05-09T16:12:56.7500000";"";""
"1663";"Nabeel";"Meer";"M";"PAK";"";"Sprint 35 km";"Män";"Sprint 35 km";"4:14:14";"04:14:13.900";"4:14:14";"1";"53";"1:27:26";"53";"1:27:26";"70";"1:27:26";"2026-05-09T16:14:13.8600000";"";""
"1649";"Emanuel";"Georgson";"M";"SWE";"";"Sprint 35 km";"Män";"Sprint 35 km";"4:15:56";"04:15:56.000";"4:15:56";"1";"54";"1:29:09";"54";"1:29:09";"71";"1:29:09";"2026-05-09T16:15:55.9600000";"";""
"1623";"Johan";"Söderqvist";"M";"SWE";"";"Sprint 35 km";"Män";"Sprint 35 km";"4:16:02";"04:16:01.300";"4:16:02";"1";"55";"1:29:14";"55";"1:29:14";"74";"1:29:14";"2026-05-09T16:16:01.2900000";"";""
"1547";"Arvid";"Müllern-Aspegren";"M";"SWE";"";"Sprint 35 km";"Män";"Sprint 35 km";"4:16:39";"04:16:38.500";"4:16:39";"1";"56";"1:29:51";"56";"1:29:51";"75";"1:29:51";"2026-05-09T16:16:38.5000000";"";""
"1598";"Sebastian";"Nilsson";"M";"SWE";"";"Sprint 35 km";"Män";"Sprint 35 km";"4:17:28";"04:17:27.500";"4:17:28";"1";"57";"1:30:40";"57";"1:30:40";"76";"1:30:40";"2026-05-09T16:17:27.4800000";"";""
"1661";"Ulf";"Nässlander";"M";"SWE";"";"Sprint 35 km";"Män";"Sprint 35 km";"4:18:41";"04:18:40.900";"4:18:41";"1";"58";"1:31:53";"58";"1:31:53";"77";"1:31:53";"2026-05-09T16:18:40.8100000";"";""
"1563";"Jimmy";"Lang";"M";"SWE";"";"Sprint 35 km";"Män";"Sprint 35 km";"4:19:33";"04:19:32.100";"4:19:33";"1";"59";"1:32:45";"59";"1:32:45";"78";"1:32:45";"2026-05-09T16:19:32.0600000";"";""
"1656";"Linus";"Ulvdal Ragnhage";"M";"SWE";"";"Sprint 35 km";"Män";"Sprint 35 km";"4:21:12";"04:21:11.700";"4:21:12";"1";"60";"1:34:24";"60";"1:34:24";"82";"1:34:24";"2026-05-09T16:21:11.7000000";"";""
"1556";"Olof";"Westerberg";"M";"SWE";"";"Sprint 35 km";"Män";"Sprint 35 km";"4:21:59";"04:21:58.700";"4:21:59";"1";"61";"1:35:11";"61";"1:35:11";"84";"1:35:11";"2026-05-09T16:21:58.6200000";"";""
"1638";"Andreas";"Olsson";"M";"SWE";"";"Sprint 35 km";"Män";"Sprint 35 km";"4:22:34";"04:22:33.100";"4:22:34";"1";"62";"1:35:46";"62";"1:35:46";"85";"1:35:46";"2026-05-09T16:22:33.0700000";"";""
"1604";"Kunal";"Helambe";"M";"SWE";"";"Sprint 35 km";"Män";"Sprint 35 km";"4:22:48";"04:22:47.500";"4:22:48";"1";"63";"1:36:00";"63";"1:36:00";"86";"1:36:00";"2026-05-09T16:22:47.4100000";"";""
"1645";"Per";"Lindberg";"M";"SWE";"";"Sprint 35 km";"Män";"Sprint 35 km";"4:23:46";"04:23:45.700";"4:23:46";"1";"64";"1:36:58";"64";"1:36:58";"88";"1:36:58";"2026-05-09T16:23:45.6400000";"";""
"1637";"Niklas";"Andersson";"M";"SWE";"";"Sprint 35 km";"Män";"Sprint 35 km";"4:27:18";"04:27:18.000";"4:27:18";"1";"65";"1:40:31";"65";"1:40:31";"91";"1:40:31";"2026-05-09T16:27:17.9300000";"";""
"1582";"Petter";"Hornö Eriksen";"M";"SWE";"";"Sprint 35 km";"Män";"Sprint 35 km";"4:29:36";"04:29:35.300";"4:29:36";"1";"66";"1:42:48";"66";"1:42:48";"94";"1:42:48";"2026-05-09T16:29:35.2200000";"";""
"1634";"Hans";"Görrel";"M";"SWE";"";"Sprint 35 km";"Män";"Sprint 35 km";"4:32:40";"04:32:39.800";"4:32:40";"1";"67";"1:45:52";"67";"1:45:52";"96";"1:45:52";"2026-05-09T16:32:39.7300000";"";""
"1644";"Erik";"Johansson";"M";"SWE";"";"Sprint 35 km";"Män";"Sprint 35 km";"4:32:47";"04:32:46.300";"4:32:47";"1";"68";"1:45:59";"68";"1:45:59";"98";"1:45:59";"2026-05-09T16:32:46.2900000";"";""
"1605";"Jack";"Williamson";"M";"NZL";"";"Sprint 35 km";"Män";"Sprint 35 km";"4:34:13";"04:34:12.900";"4:34:13";"1";"69";"1:47:25";"69";"1:47:25";"99";"1:47:25";"2026-05-09T16:34:12.8300000";"";""
"1529";"Johan";"Henriksson";"M";"SWE";"";"Sprint 35 km";"Män";"Sprint 35 km";"4:38:57";"04:38:56.900";"4:38:57";"1";"70";"1:52:09";"70";"1:52:09";"105";"1:52:09";"2026-05-09T16:38:56.8600000";"";""
"1591";"Jan";"Sotek";"M";"SWE";"";"Sprint 35 km";"Män";"Sprint 35 km";"4:40:51";"04:40:50.300";"4:40:51";"1";"71";"1:54:03";"71";"1:54:03";"106";"1:54:03";"2026-05-09T16:40:50.2500000";"";""
"1652";"Stephen";"Cook";"M";"SWE";"";"Sprint 35 km";"Män";"Sprint 35 km";"4:42:44";"04:42:43.700";"4:42:44";"1";"72";"1:55:56";"72";"1:55:56";"107";"1:55:56";"2026-05-09T16:42:43.6500000";"";""
"1502";"Andreas";"Josefsson";"M";"SWE";"";"Sprint 35 km";"Män";"Sprint 35 km";"4:44:07";"04:44:06.100";"4:44:07";"1";"73";"1:57:19";"73";"1:57:19";"109";"1:57:19";"2026-05-09T16:44:06.0400000";"";""
"1632";"David";"Timmerman";"M";"SWE";"";"Sprint 35 km";"Män";"Sprint 35 km";"5:21:07";"05:21:06.900";"5:21:07";"1";"74";"2:34:19";"74";"2:34:19";"118";"2:34:19";"2026-05-09T17:21:06.8500000";"";""
"1601";"Jan";"Arleij";"M";"SWE";"";"Sprint 35 km";"Män";"Sprint 35 km";"5:34:36";"05:34:35.500";"5:34:36";"1";"75";"2:47:48";"75";"2:47:48";"122";"2:47:48";"2026-05-09T17:34:35.4100000";"";""
"1539";"Dean";"Derbyshire";"M";"GBR";"";"Sprint 35 km";"Män";"Sprint 35 km";"6:45:31";"06:45:30.900";"6:45:31";"1";"76";"3:58:43";"76";"3:58:43";"127";"3:58:43";"2026-05-09T18:45:30.8500000";"";""
"1512";"Robin";"Barnholdt";"M";"SWE";"";"Sprint 35 km";"Män";"Sprint 35 km";"DNS";"00:00:00.000";"DNS";"1";"77";"";"77";"";"131";"";"";"";""
"1537";"Cristian";"Bodin";"M";"SWE";"";"Sprint 35 km";"Män";"Sprint 35 km";"DNS";"00:00:00.000";"DNS";"1";"78";"";"78";"";"132";"";"";"";""
"1528";"Jesper";"Bogren";"M";"SWE";"";"Sprint 35 km";"Män";"Sprint 35 km";"DNS";"00:00:00.000";"DNS";"1";"79";"";"79";"";"133";"";"";"";""
"1610";"Fredrik";"Edvardsson";"M";"SWE";"";"Sprint 35 km";"Män";"Sprint 35 km";"DNS";"00:00:00.000";"DNS";"1";"80";"";"80";"";"135";"";"";"";""
"1627";"Dario";"Garbini";"M";"ITA";"";"Sprint 35 km";"Män";"Sprint 35 km";"DNS";"00:00:00.000";"DNS";"1";"81";"";"81";"";"138";"";"";"";""
"1568";"Daniel";"Jonasson";"M";"SWE";"";"Sprint 35 km";"Män";"Sprint 35 km";"DNS";"00:00:00.000";"DNS";"1";"82";"";"82";"";"142";"";"";"";""
"1583";"Ludvig";"Königsson";"M";"SWE";"";"Sprint 35 km";"Män";"Sprint 35 km";"DNS";"00:00:00.000";"DNS";"1";"83";"";"83";"";"143";"";"";"";""
"1546";"Dhan";"Lomander";"M";"SWE";"";"Sprint 35 km";"Män";"Sprint 35 km";"DNS";"00:00:00.000";"DNS";"1";"84";"";"84";"";"148";"";"";"";""
"1611";"Jonas";"Magnusson";"M";"SWE";"";"Sprint 35 km";"Män";"Sprint 35 km";"DNS";"00:00:00.000";"DNS";"1";"85";"";"85";"";"149";"";"";"";""
"1580";"Ludwig";"Mann";"M";"SWE";"";"Sprint 35 km";"Män";"Sprint 35 km";"DNS";"00:00:00.000";"DNS";"1";"86";"";"86";"";"150";"";"";"";""
"1581";"Robin";"Nabrink";"M";"SWE";"";"Sprint 35 km";"Män";"Sprint 35 km";"DNS";"00:00:00.000";"DNS";"1";"87";"";"87";"";"151";"";"";"";""
"1536";"Eric";"Olsson";"M";"SWE";"";"Sprint 35 km";"Män";"Sprint 35 km";"DNS";"00:00:00.000";"DNS";"1";"88";"";"88";"";"153";"";"";"";""
"1622";"Axel";"Sahlberg";"M";"SWE";"";"Sprint 35 km";"Män";"Sprint 35 km";"DNS";"00:00:00.000";"DNS";"1";"89";"";"89";"";"155";"";"";"";""
"1658";"Johan";"Sundqvist";"M";"SWE";"";"Sprint 35 km";"Män";"Sprint 35 km";"DNS";"00:00:00.000";"DNS";"1";"90";"";"90";"";"158";"";"";"";""
"1576";"Emil";"Thelin";"M";"SWE";"";"Sprint 35 km";"Män";"Sprint 35 km";"DNS";"00:00:00.000";"DNS";"1";"91";"";"91";"";"159";"";"";"";""
"1550";"Felix";"Thiele";"M";"GER";"";"Sprint 35 km";"Män";"Sprint 35 km";"DNS";"00:00:00.000";"DNS";"1";"92";"";"92";"";"160";"";"";"";""
"1517";"Daniel";"Wilzen";"M";"SWE";"";"Sprint 35 km";"Män";"Sprint 35 km";"DNS";"00:00:00.000";"DNS";"1";"93";"";"93";"";"162";"";"";"";""
"1613";"Robert";"Yxell";"M";"SWE";"";"Sprint 35 km";"Män";"Sprint 35 km";"DNS";"00:00:00.000";"DNS";"1";"94";"";"94";"";"163";"";"";"";""
"1020";"Franklin Brand & Hälsa";"(Amanda Jinnemark, Karin Nilsson, Anna Franklin, Anna Franklin)";"M";"SWE";"";"Stafett 35 km";"Kvinnor ";"Stafett 35 km";"2:33:55";"02:33:54.300";"2:33:55";"1";"1";"0:00";"2";"2:57";"2";"2:57";"2026-05-09T14:33:54.2800000";"";""
"1025";"Haglund";"(Annette Haglund, Cecilia Haglund, Annette Haglund, Cecilia Haglund)";"F";"SWE";"";"Stafett 35 km";"Kvinnor ";"Stafett 35 km";"3:09:15";"03:09:14.400";"3:09:15";"1";"2";"35:20";"1";"0:00";"5";"38:17";"2026-05-09T15:09:14.4000000";"";""
"1023";"Mera Lera";"(Karin Ryberg, Karin Ryberg, Maria Karlsson, Maria Karlsson)";"F";"SWE";"";"Stafett 35 km";"Kvinnor ";"Stafett 35 km";"3:19:07";"03:19:06.600";"3:19:07";"1";"3";"45:12";"5";"9:52";"13";"48:09";"2026-05-09T15:19:06.5500000";"";""
"1031";"FAST FORCE";"(Felicia Josephson, Sara Proust, Terese Stark, Anna Svenningsson)";"F";"SWE";"";"Stafett 35 km";"Kvinnor ";"Stafett 35 km";"3:22:30";"03:22:29.900";"3:22:30";"1";"4";"48:35";"7";"13:15";"17";"51:32";"2026-05-09T15:22:29.8200000";"";""
"1012";"After run queens";"(Ida Norlander, Jennifer Pettersson, Alexandra Tullson Lagerwall, Anna Hjalmarsson)";"F";"SWE";"";"Stafett 35 km";"Kvinnor ";"Stafett 35 km";"4:02:08";"04:02:07.600";"4:02:08";"1";"5";"1:28:13";"17";"52:53";"37";"1:31:10";"2026-05-09T16:02:07.5600000";"";""
"1002";"Team Sparbanken Alingsås Lag 2";"(Hugo Wiborg, Hugo Wiborg, Ingrid Nordström, Mommo Abdulrahman)";"F";"SWE";"";"Stafett 35 km";"Mixed ej tävling - Fri fördelning";"Stafett 35 km";"3:12:04";"03:12:03.500";"3:12:04";"1";"1";"0:00";"2";"2:49";"6";"41:06";"2026-05-09T15:12:03.4900000";"";""
"1009";"Cliffothén";"(Jonas Rothén, Pontus Cliffordson, Max Cliffordson, Åsa Cliffordson)";"M";"SWE";"";"Stafett 35 km";"Mixed ej tävling - Fri fördelning";"Stafett 35 km";"3:13:08";"03:13:07.100";"3:13:08";"1";"2";"1:04";"5";"42:10";"8";"42:10";"2026-05-09T15:13:07.0600000";"";""
"1044";"De goda";"";"M";"SWE";"";"Stafett 35 km";"Mixed ej tävling - Fri fördelning";"Stafett 35 km";"3:15:18";"03:15:17.600";"3:15:18";"1";"3";"3:14";"6";"44:20";"9";"44:20";"2026-05-09T15:15:17.5700000";"";""
"1034";"LaFamilja";"(Cecilia Becker, Peter Mårtensson, Jerker Mårtensson, Karol Becker)";"M";"SWE";"";"Stafett 35 km";"Mixed ej tävling - Fri fördelning";"Stafett 35 km";"3:16:19";"03:16:18.600";"3:16:19";"1";"4";"4:15";"7";"45:21";"10";"45:21";"2026-05-09T15:16:18.5500000";"";""
"1022";"Team Gelnet";"(Arvid Vikenadler, Linus Adolfsson, Emil Holm, Leo Skåbratt)";"N";"SWE";"";"Stafett 35 km";"Mixed ej tävling - Fri fördelning";"Stafett 35 km";"3:18:03";"03:18:03.000";"3:18:03";"1";"5";"6:00";"1";"0:00";"11";"47:06";"2026-05-09T15:18:02.9400000";"";""
"1035";"Björnligan VA";"(Erika Jansson, Magnus Benjaminsson, Anna Bodin, Jörgen Svensson)";"F";"SWE";"";"Stafett 35 km";"Mixed ej tävling - Fri fördelning";"Stafett 35 km";"3:18:04";"03:18:03.500";"3:18:04";"1";"6";"6:00";"4";"8:49";"12";"47:06";"2026-05-09T15:18:03.4400000";"";""
"1032";"Söderlund/Angbratt";"(Sven Ekman, Jonatan Edsinger, Örjan Söderlund, Andreas Söderlund)";"M";"SWE";"";"Stafett 35 km";"Mixed ej tävling - Fri fördelning";"Stafett 35 km";"3:19:51";"03:19:51.000";"3:19:51";"1";"7";"7:48";"8";"48:54";"14";"48:54";"2026-05-09T15:19:50.9900000";"";""
"1046";"Team Helgeson";"(David Helgeson, David Helgeson, Lisa Helgeson, Lisa Helgeson)";"N";"SWE";"";"Stafett 35 km";"Mixed ej tävling - Fri fördelning";"Stafett 35 km";"3:22:05";"03:22:04.200";"3:22:05";"1";"8";"10:01";"2";"4:01";"16";"51:07";"2026-05-09T15:22:04.1300000";"";""
"1045";"Team Agnete 70";"(Ebbe Fors, Maria Piussi Fors, Agnete Heyman Fors, Aksel Fors)";"M";"SWE";"";"Stafett 35 km";"Mixed ej tävling - Fri fördelning";"Stafett 35 km";"3:24:30";"03:24:29.900";"3:24:30";"1";"9";"12:26";"9";"53:32";"18";"53:32";"2026-05-09T15:24:29.8400000";"";""
"1040";"ETP Kraftelektronik";"(,  ,  ,  ,  , Rasoul Khosravi, Christer Sigurd, Ellen Paulsson Braun, Filip Devrér)";"N";"SWE";"";"Stafett 35 km";"Mixed ej tävling - Fri fördelning";"Stafett 35 km";"3:45:43";"03:45:43.000";"3:45:43";"1";"10";"33:40";"3";"27:40";"23";"1:14:46";"2026-05-09T15:45:43.0000000";"";""
"1047";"Meltwalkers";"(Fredrik Kempe Axelsson,  , Emre Basar,  )";"M";"SWE";"";"Stafett 35 km";"Mixed ej tävling - Fri fördelning";"Stafett 35 km";"3:46:53";"03:46:52.900";"3:46:53";"1";"11";"34:49";"11";"1:15:55";"24";"1:15:55";"2026-05-09T15:46:52.8800000";"";""
"1033";"In & Out";"(Therese Boman, Jennie Eriksson, Ulrika Widlund, Eva Hammarstrand)";"F";"SWE";"";"Stafett 35 km";"Mixed ej tävling - Fri fördelning";"Stafett 35 km";"3:48:20";"03:48:19.500";"3:48:20";"1";"12";"36:16";"12";"39:05";"26";"1:17:22";"2026-05-09T15:48:19.4800000";"";""
"1008";"Guldpotatisarna";"(Susanna Svensson, Lotti Klug, Jochen Klug, Mattias Svensson)";"M";"SWE";"";"Stafett 35 km";"Mixed ej tävling - Fri fördelning";"Stafett 35 km";"3:51:36";"03:51:35.200";"3:51:36";"1";"13";"39:32";"12";"1:20:38";"28";"1:20:38";"2026-05-09T15:51:35.1800000";"";""
"1049";"Skogssniglarna";"(Fredrik Anderson, Therese Wetterbrandt, Johanna Dunlap, Louise Anderson, Therese Wetterbrandt, Björn Dunlap, Björn Dunlap, Louise Anderson, Fredrik Anderson)";"F";"SWE";"";"Stafett 35 km";"Mixed ej tävling - Fri fördelning";"Stafett 35 km";"3:52:20";"03:52:19.900";"3:52:20";"1";"14";"40:16";"14";"43:05";"30";"1:21:22";"2026-05-09T15:52:19.9000000";"";""
"1003";"Gunnarssons";"(Johan Gunnarsson, Torgny Gunnarsson, Axel Gunnarsson, Maria Gunnarsson)";"M";"SWE";"";"Stafett 35 km";"Mixed ej tävling - Fri fördelning";"Stafett 35 km";"3:53:47";"03:53:47.000";"3:53:47";"1";"15";"41:44";"14";"1:22:50";"31";"1:22:50";"2026-05-09T15:53:46.9400000";"";""
"1001";"Team Sparbanken Alingsås Lag 1";"";"M";"SWE";"";"Stafett 35 km";"Mixed ej tävling - Fri fördelning";"Stafett 35 km";"3:53:55";"03:53:54.800";"3:53:55";"1";"16";"41:51";"15";"1:22:57";"32";"1:22:57";"2026-05-09T15:53:54.7900000";"";""
"1037";"Stafettfamiljen";"(Lars Åkeson, Tobias Åkeson, Joar Åkeson Sandqvist, Nina Åkeson)";"M";"SWE";"";"Stafett 35 km";"Mixed ej tävling - Fri fördelning";"Stafett 35 km";"3:54:44";"03:54:43.500";"3:54:44";"1";"17";"42:40";"16";"1:23:46";"33";"1:23:46";"2026-05-09T15:54:43.4500000";"";""
"1041";"Jumotomi";"";"M";"SWE";"";"Stafett 35 km";"Mixed ej tävling - Fri fördelning";"Stafett 35 km";"3:55:50";"03:55:49.200";"3:55:50";"1";"18";"43:46";"17";"1:24:52";"34";"1:24:52";"2026-05-09T15:55:49.1300000";"";""
"1007";"Miljöpartiet Lerum lag 1";"(Elias Aronsson, Tove Remper, Aster Asgedom Reda, Helena Callert)";"F";"SWE";"";"Stafett 35 km";"Mixed ej tävling - Fri fördelning";"Stafett 35 km";"3:57:03";"03:57:02.900";"3:57:03";"1";"19";"44:59";"15";"47:48";"35";"1:26:05";"2026-05-09T15:57:02.9000000";"";""
"1048";"Team of Pigs";"(Johanna Lindberg, Arvid Enemar, Torbjörn Nyberg)";"F";"SWE";"";"Stafett 35 km";"Mixed ej tävling - Fri fördelning";"Stafett 35 km";"3:58:04";"03:58:03.600";"3:58:04";"1";"20";"46:00";"16";"48:49";"36";"1:27:06";"2026-05-09T15:58:03.5800000";"";""
"1006";"Akele old ladies";"(Kerstin Haag Samuelsson, Lena Andersson, Ingela Holmström, Ing-Marie Persson)";"F";"SWE";"";"Stafett 35 km";"Mixed ej tävling - Fri fördelning";"Stafett 35 km";"4:40:00";"04:39:59.700";"4:40:00";"1";"21";"1:27:56";"23";"1:30:45";"44";"2:09:02";"2026-05-09T16:39:59.6300000";"";""
"1015";"Norsesund on the run";"(Signe Linderholm, Calle Linderholm, Anna Martinez, Elin Linderholm)";"F";"SWE";"";"Stafett 35 km";"Mixed ej tävling - Fri fördelning";"Stafett 35 km";"5:01:37";"05:01:36.800";"5:01:37";"1";"22";"1:49:33";"24";"1:52:22";"45";"2:30:39";"2026-05-09T17:01:36.7800000";"";""
"1026";"run4fun";"(Markus Koch, Emma Radnäs Koch)";"M";"SWE";"";"Stafett 35 km";"Mixed ej tävling - Fri fördelning";"Stafett 35 km";"DNF";"02:29:06.000";"DNF";"1";"23";"";"19";"";"46";"";"";"";""
"1014";"Team Hall";"(Bengt Hall, Ann-Britt Hall, Martin Hall, Olivia Berger Tidlund)";"F";"SWE";"";"Stafett 35 km";"Mixed ej tävling - Fri fördelning";"Stafett 35 km";"DNS";"00:00:00.000";"DNS";"1";"24";"";"25";"";"47";"";"";"";""
"1018";"Miljöpartiet Lerum lag 2";"";"F";"SWE";"";"Stafett 35 km";"Mixed ej tävling - Fri fördelning";"Stafett 35 km";"DNS";"00:00:00.000";"DNS";"1";"25";"";"26";"";"48";"";"";"";""
"1036";"Team Simba";"(Thomas Schadel, Hanna Werner, Hanna Werner, Hanna Werner)";"M";"SWE";"";"Stafett 35 km";"Mixed ej tävling - Fri fördelning";"Stafett 35 km";"DNS";"00:00:00.000";"DNS";"1";"26";"";"20";"";"49";"";"";"";""
"1021";"Team Jakobs";"(Hedvig Engström Jakobsson, Joel Jakobsson, Samuel Jakobsson, Amanda Cliffordson)";"M";"SWE";"";"Stafett 35 km";"Mixed tävling - Minst hälften kvinnor";"Stafett 35 km";"2:46:35";"02:46:34.200";"2:46:35";"1";"1";"0:00";"3";"15:37";"3";"15:37";"2026-05-09T14:46:34.1700000";"";""
"1028";"Local Connect";"(Henrik Isaksson, Djäken Johan Olsson, Anna Kjällström, Anna Svensson)";"M";"SWE";"";"Stafett 35 km";"Mixed tävling - Minst hälften kvinnor";"Stafett 35 km";"2:52:14";"02:52:13.700";"2:52:14";"1";"2";"5:39";"4";"21:16";"4";"21:16";"2026-05-09T14:52:13.6400000";"";""
"1005";"Gotaleden Gazelles";"(Christina Cullin, Kristin Hedelin, Sara Persson, Henrik Cullin)";"F";"SWE";"";"Stafett 35 km";"Mixed tävling - Minst hälften kvinnor";"Stafett 35 km";"3:12:26";"03:12:25.700";"3:12:26";"1";"3";"25:51";"3";"3:11";"7";"41:28";"2026-05-09T15:12:25.6600000";"";""
"1043";"Lerum Runners";"(Sofia  Jaconelli, Fredrik  Sandmer, Julia Sjöberg, Helena Sandmer)";"F";"SWE";"";"Stafett 35 km";"Mixed tävling - Minst hälften kvinnor";"Stafett 35 km";"3:21:36";"03:21:36.000";"3:21:36";"1";"4";"35:02";"6";"12:22";"15";"50:39";"2026-05-09T15:21:35.9100000";"";""
"1039";"Runaway";"(Lykke Koch, Jenny Carlsson Conradsson, Linda Jarl, Robert Albers)";"F";"SWE";"";"Stafett 35 km";"Mixed tävling - Minst hälften kvinnor";"Stafett 35 km";"3:34:38";"03:34:37.600";"3:34:38";"1";"5";"48:03";"8";"25:23";"19";"1:03:40";"2026-05-09T15:34:37.5600000";"";""
"1017";"Mumintrollen";"(Jakob Ahlén, Simon Falk, Emma Lindberg, Pernilla Ahlén)";"F";"SWE";"";"Stafett 35 km";"Mixed tävling - Minst hälften kvinnor";"Stafett 35 km";"3:37:18";"03:37:17.400";"3:37:18";"1";"6";"50:43";"9";"28:03";"20";"1:06:20";"2026-05-09T15:37:17.3400000";"";""
"1030";"The PJJM Collective";"(Paul Mörk, Julia Stoll, Martin Simm, Jennie Wall)";"M";"SWE";"";"Stafett 35 km";"Mixed tävling - Minst hälften kvinnor";"Stafett 35 km";"3:38:48";"03:38:48.000";"3:38:48";"1";"7";"52:14";"10";"1:07:51";"21";"1:07:51";"2026-05-09T15:38:47.9700000";"";""
"1024";"HKY/ODE Från katedern till kilometern";"(Cecilia Lundgren, Anton Pollak, Annika Olovsson, Kirstin Randulv)";"F";"SWE";"";"Stafett 35 km";"Mixed tävling - Minst hälften kvinnor";"Stafett 35 km";"3:45:30";"03:45:29.200";"3:45:30";"1";"8";"58:55";"10";"36:15";"22";"1:14:32";"2026-05-09T15:45:29.1200000";"";""
"1019";"The flying birds";"(Eric Carlsson, Karin Sellen, Niklas Moberg, Sofia Sellen)";"F";"SWE";"";"Stafett 35 km";"Mixed tävling - Minst hälften kvinnor";"Stafett 35 km";"3:48:00";"03:47:59.500";"3:48:00";"1";"9";"1:01:25";"11";"38:45";"25";"1:17:02";"2026-05-09T15:47:59.4100000";"";""
"1038";"Team Blocketorp";"(Caroline Apell, Anders Apell, Anders Apell, Caroline Apell)";"M";"SWE";"";"Stafett 35 km";"Mixed tävling - Minst hälften kvinnor";"Stafett 35 km";"3:51:56";"03:51:55.600";"3:51:56";"1";"10";"1:05:21";"13";"1:20:58";"29";"1:20:58";"2026-05-09T15:51:55.6000000";"";""
"1027";"Gluteus Maximus Power";"(Elina Eriksson, Malin Persson, Claes Norling, Alexandra Lundgren)";"F";"SWE";"";"Stafett 35 km";"Mixed tävling - Minst hälften kvinnor";"Stafett 35 km";"4:03:40";"04:03:39.700";"4:03:40";"1";"11";"1:17:05";"18";"54:25";"38";"1:32:42";"2026-05-09T16:03:39.6800000";"";""
"1013";"Worst Pace Scenario";"(Annette Toresson, Miranda Sundberg, Signe Yrlid, Jonas Asp)";"F";"SWE";"";"Stafett 35 km";"Mixed tävling - Minst hälften kvinnor";"Stafett 35 km";"4:03:41";"04:03:40.300";"4:03:41";"1";"12";"1:17:06";"19";"54:26";"39";"1:32:43";"2026-05-09T16:03:40.2500000";"";""
"1011";"Gota Petter";"(Kristian Källmén, Petter Andreasson, Lisa Hildor, Naemi Gustavsson)";"F";"SWE";"";"Stafett 35 km";"Mixed tävling - Minst hälften kvinnor";"Stafett 35 km";"4:05:06";"04:05:05.300";"4:05:06";"1";"13";"1:18:31";"20";"55:51";"40";"1:34:08";"2026-05-09T16:05:05.3000000";"";""
"1004";"Torsdagslöparna";"(Karin Lindhén, Viveca Nyström, Harald Rohlin, Christine Vedeland)";"M";"SWE";"";"Stafett 35 km";"Mixed tävling - Minst hälften kvinnor";"Stafett 35 km";"4:12:17";"04:12:16.200";"4:12:17";"1";"14";"1:25:42";"18";"1:41:19";"41";"1:41:19";"2026-05-09T16:12:16.2000000";"";""
"1016";"HKY/ODE  Kondition under utredning";"(Linda Davidsson, Youssef Mizab, Tina Karlsson, Thea Kristensso Lexén)";"F";"SWE";"";"Stafett 35 km";"Mixed tävling - Minst hälften kvinnor";"Stafett 35 km";"4:13:40";"04:13:39.400";"4:13:40";"1";"15";"1:27:05";"21";"1:04:25";"42";"1:42:42";"2026-05-09T16:13:39.3800000";"";""
"1029";"TEPPtopp";"(Petra Palmberg, Thérèse Persson, Elicia Palmberg, Paulina Palmberg)";"F";"SWE";"";"Stafett 35 km";"Mixed tävling - Minst hälften kvinnor";"Stafett 35 km";"4:23:32";"04:23:32.000";"4:23:32";"1";"16";"1:36:58";"22";"1:14:18";"43";"1:52:35";"2026-05-09T16:23:31.9400000";"";""
"1010";"Lalarunt";"(Kristoffer Hilmersspn, Arez Mohideen, Magnus Myhrborg, Peter Axeborn)";"M";"SWE";"";"Stafett 35 km";"Män";"Stafett 35 km";"2:30:58";"02:30:57.300";"2:30:58";"1";"1";"0:00";"1";"0:00";"1";"0:00";"2026-05-09T14:30:57.2200000";"";""
"1042";"Alingsås Sossarna";"";"F";"SWE";"";"Stafett 35 km";"Män";"Stafett 35 km";"3:51:26";"03:51:26.000";"3:51:26";"1";"2";"1:20:29";"13";"42:12";"27";"1:20:29";"2026-05-09T15:51:25.9700000";"";""
"29";"Fart Blasters";"(Alice Johansson, Alice Johansson , Ellen Johansson, Moa Skoglöf, Siri Johansson, Ellen Johansson, Matilda Augustsson, Moa Skoglöf, Siri Johansson)";"F";"SWE";"";"Stafett 75 km";"Kvinnor ";"Stafett 75 km";"6:52:34";"06:52:33.200";"6:52:34";"1";"1";"0:00";"2";"25:25";"15";"1:37:32";"2026-05-09T14:52:33.1300000";"";""
"100";"Solvikingarna Dam";"(Maria Diaz Hellin, Elin Hacksell, Maria Diaz Hellin, Karin Leidzén, Sigrid Thunberg, Eva Karin Anderberg, Åsa Lindbom, Heleen Frings, Eva Fransén)";"M";"SWE";"";"Stafett 75 km";"Kvinnor ";"Stafett 75 km";"7:46:51";"07:46:50.600";"7:46:51";"1";"2";"54:17";"36";"2:31:49";"51";"2:31:49";"2026-05-09T15:46:50.5800000";"";""
"51";"Lerum SOK dam 1";"(Åsa Wedlin, Madelene Bougas Lööf,  ,  ,  ,  ,  ,  ,  )";"F";"SWE";"";"Stafett 75 km";"Kvinnor ";"Stafett 75 km";"8:08:06";"08:08:05.500";"8:08:06";"1";"3";"1:15:32";"21";"1:40:57";"77";"2:53:04";"2026-05-09T16:08:05.5000000";"";""
"118";"Gotaledens Legender";"(Annica Samuelsson, Annica Samuelsson, Eva Meding, Lisa Bäckman, Annika Sonesson, Lisa Bäckman, Eva Meding, Annica Samuelsson, Annika Sonesson)";"F";"SWE";"";"Stafett 75 km";"Kvinnor ";"Stafett 75 km";"8:08:34";"08:08:33.700";"8:08:34";"1";"4";"1:16:00";"23";"1:41:25";"80";"2:53:32";"2026-05-09T16:08:33.6700000";"";""
"10";"PUMorna";"(Ulrika Ydse, Ulrika Ydse, Ulrika Ydse, Pernilla Brasta, Malin Boke, Mathilda Paridon, Mathilda Paridon, Märit Bergendahl, Märit Bergendahl)";"F";"SWE";"";"Stafett 75 km";"Kvinnor ";"Stafett 75 km";"8:39:58";"08:39:57.100";"8:39:58";"1";"5";"1:47:24";"34";"2:12:49";"100";"3:24:56";"2026-05-09T16:39:57.0900000";"";""
"26";"Göteborg Running Club";"(Mattias 'Rambo' Johnsson, Eric 'He-Man' Sanden, Amanda 'Princess Peach' Lanetoft, Amanda 'Princess Peach' Lanetoft, Lovisa 'Tomb Raider' Schmid, Daniel 'Zorro' Hernandez, Robert 'Sonic' Sahlberg, Robert 'Sonic' Sahlberg, Mattias 'Rambo' Johnsson)";"M";"SWE";"";"Stafett 75 km";"Mixed ej tävling - Fri fördelning";"Stafett 75 km";"6:03:05";"06:03:04.300";"6:03:05";"1";"1";"0:00";"4";"48:03";"4";"48:03";"2026-05-09T14:03:04.2500000";"";""
"54";"Dialektal förvirring";"(Line Cederberg, Line Cederberg, Oscar Stenberg, Johan Olson, Kajsa Mattsson, Hanna Lindström, Erik Lindström, Niklas Gustavsson, Samuel Petersson)";"F";"SWE";"";"Stafett 75 km";"Mixed ej tävling - Fri fördelning";"Stafett 75 km";"6:27:09";"06:27:08.100";"6:27:09";"1";"2";"24:04";"1";"0:00";"7";"1:12:07";"2026-05-09T14:27:08.0200000";"";""
"28";"Hisingen Runners Club";"(Caroline Tagesson, Max Englund Fundin, Jonna Kisberg Enelund, Gabriel Kisberg Enelund, Jimmy Öwrin, Ludvig Hillenfjärd, Karl-Jacob Ingvarsson, Elvedina Sikiric Lidström, Markus Selin)";"M";"SWE";"";"Stafett 75 km";"Mixed ej tävling - Fri fördelning";"Stafett 75 km";"6:43:50";"06:43:49.900";"6:43:50";"1";"3";"40:45";"10";"1:28:48";"11";"1:28:48";"2026-05-09T14:43:49.8500000";"";""
"38";"Oval-da";"(Jonas Partheen, Charley Ziegler, Jonas Partheen, Marios Maletikas, Mats Wilhelmsson, Daniel Johansson, Elin Gustafson, Elin Gustafson, Anna Ziegler)";"M";"SWE";"";"Stafett 75 km";"Mixed ej tävling - Fri fördelning";"Stafett 75 km";"6:44:05";"06:44:05.000";"6:44:05";"1";"4";"41:01";"11";"1:29:04";"12";"1:29:04";"2026-05-09T14:44:04.9300000";"";""
"37";"Torsdagsdrömmen";"(Holger Tidemand, Benjamin Åsberg, Therese Elgquist, Fredrik Gullberg, Fredrik , Johan Nilsson, Oskar Karnblad, Stina Åsberg,  )";"M";"SWE";"";"Stafett 75 km";"Mixed ej tävling - Fri fördelning";"Stafett 75 km";"6:47:25";"06:47:24.400";"6:47:25";"1";"5";"44:20";"12";"1:32:23";"13";"1:32:23";"2026-05-09T14:47:24.3600000";"";""
"103";"WaterCircle Runners";"(Jonathan Bark Lott, Jonathan Bark Lott, Daniel Israelsson, Oskar Hansson, Johan Andersson, Gustav Nyström, Alexander Eiller, Amanda Nylander, Martin Andersson)";"M";"SWE";"";"Stafett 75 km";"Mixed ej tävling - Fri fördelning";"Stafett 75 km";"6:48:35";"06:48:34.700";"6:48:35";"1";"6";"45:30";"13";"1:33:33";"14";"1:33:33";"2026-05-09T14:48:34.7000000";"";""
"49";"Glommenlovers";"(Anton Oddstig, Anton Oddstig, Jakob Johansson, Samuel Bengtsson, Kalle Claesson, Anna Oskarsson, Gabriel Aspegrén, Ebba Götborg, Rasmus Busse)";"M";"SWE";"";"Stafett 75 km";"Mixed ej tävling - Fri fördelning";"Stafett 75 km";"7:02:36";"07:02:35.700";"7:02:36";"1";"7";"59:31";"16";"1:47:34";"18";"1:47:34";"2026-05-09T15:02:35.6800000";"";""
"78";"Terrängturisterna";"(Fredrik Sjögren, Alex Ekstedt, Erika Sjögren, Johan Ekstedt, Yukako Taguchi, Linnea Ekstedt, Fredrik Sjögren, Alex Ekstedt, Erika Sjögren)";"M";"SWE";"";"Stafett 75 km";"Mixed ej tävling - Fri fördelning";"Stafett 75 km";"7:03:19";"07:03:18.800";"7:03:19";"1";"8";"1:00:14";"17";"1:48:17";"19";"1:48:17";"2026-05-09T15:03:18.7800000";"";""
"121";"Sista Sträckan";"(Maria Strandberg, Maria Strandberg, Sebastian Sirriyeh Mäkimaa, Sebastian Sirriyeh Mäkimaa, Karin Kjernald, Karin Kjernald, Tove Eneljung, Erika Schön, Erika Schön)";"F";"SWE";"";"Stafett 75 km";"Mixed ej tävling - Fri fördelning";"Stafett 75 km";"7:07:34";"07:07:34.000";"7:07:34";"1";"9";"1:04:30";"3";"40:26";"21";"1:52:33";"2026-05-09T15:07:33.9900000";"";""
"91";"LK DRT KUNGSBACKA";"(Henrik Sigurdsson, Henrik Sigurdsson, Joakim Andersson, Joakim Andersson, Anders Granelli, Martin Hohensee, Martin Hohensee, Jens Ahlstrand, Jens Ahlstrand)";"M";"SWE";"";"Stafett 75 km";"Mixed ej tävling - Fri fördelning";"Stafett 75 km";"7:08:56";"07:08:55.500";"7:08:56";"1";"10";"1:05:51";"19";"1:53:54";"23";"1:53:54";"2026-05-09T15:08:55.4200000";"";""
"45";"Trail Mixers";"(Edvin Fredlund, Kyle Hollis, Victor Spjern, Victor Spjern, Niklas Johansson, Leonard Herzog, Jonathan Zepeda, Ronja Wigertz, Aron Börjesson Lindgren)";"M";"SWE";"";"Stafett 75 km";"Mixed ej tävling - Fri fördelning";"Stafett 75 km";"7:10:30";"07:10:29.300";"7:10:30";"1";"11";"1:07:25";"21";"1:55:28";"25";"1:55:28";"2026-05-09T15:10:29.2100000";"";""
"61";"Fade Away - Buske 33";"(Rasmus Cornér, Petter Liderfelt, Marcus Lundevall, Fredrik Engstrand, Rasmus Cornér, Petter Liderfelt, Marcus Lundevall, Rasmus Cornér, Fredrik Engstrand)";"M";"SWE";"";"Stafett 75 km";"Mixed ej tävling - Fri fördelning";"Stafett 75 km";"7:16:40";"07:16:39.200";"7:16:40";"1";"12";"1:13:35";"22";"2:01:38";"27";"2:01:38";"2026-05-09T15:16:39.2000000";"";""
"75";"Gotasniglarna";"(Kaj Wernersson, Martin Sandberg, Nina Uhlén, Tobias Andersson, Lars Eckstrand,  ,  ,  ,  )";"M";"SWE";"";"Stafett 75 km";"Mixed ej tävling - Fri fördelning";"Stafett 75 km";"7:16:41";"07:16:40.900";"7:16:41";"1";"13";"1:13:36";"23";"2:01:39";"28";"2:01:39";"2026-05-09T15:16:40.8100000";"";""
"77";"Stafettläkarna";"(Thomas Zizala, Razul Mirzaem, Mikaela Olsson, Filippa Buller, Malin Åkesson, David Hansson, Anna Hederström, Johan Lindström, Emil Bussqvist)";"F";"SWE";"";"Stafett 75 km";"Mixed ej tävling - Fri fördelning";"Stafett 75 km";"7:17:11";"07:17:10.300";"7:17:11";"1";"14";"1:14:06";"5";"50:02";"29";"2:02:09";"2026-05-09T15:17:10.2200000";"";""
"65";"Entusiasterna";"(Julia Henriksson, Anton Asp, Jonathan Nylander, Per Sjöström, Jonathan Nylander, Matilda Landemark, Isa Larsson, Isa Larsson, Johan Torbjörnsson)";"M";"SWE";"";"Stafett 75 km";"Mixed ej tävling - Fri fördelning";"Stafett 75 km";"7:18:00";"07:17:59.600";"7:18:00";"1";"15";"1:14:55";"24";"2:02:58";"30";"2:02:58";"2026-05-09T15:17:59.5200000";"";""
"108";"RT-Labs A";"";"N";"SWE";"";"Stafett 75 km";"Mixed ej tävling - Fri fördelning";"Stafett 75 km";"7:18:12";"07:18:11.200";"7:18:12";"1";"16";"1:15:07";"2";"12:27";"31";"2:03:10";"2026-05-09T15:18:11.2000000";"";""
"87";"Leffes Löpare";"(Joel Eriksson, Markus Eriksson, Josefin Holst-Norén, Evelyn Nyström, Rasmus Eriksson, Joel Eriksson, Markus Eriksson, Josefin Holst-Norén, Rasmus Eriksson)";"M";"SWE";"";"Stafett 75 km";"Mixed ej tävling - Fri fördelning";"Stafett 75 km";"7:18:38";"07:18:37.700";"7:18:38";"1";"17";"1:15:33";"25";"2:03:36";"32";"2:03:36";"2026-05-09T15:18:37.6400000";"";""
"76";"Trailkollektivet";"(Anders Bergåker, Hjalmar Grye , Martin Grye, Thomas Castmo, Emma Melin, Rickard Lundberg, Axel Pettersson, Marie Lövgren, Stefan Jansson)";"M";"SWE";"";"Stafett 75 km";"Mixed ej tävling - Fri fördelning";"Stafett 75 km";"7:21:19";"07:21:18.100";"7:21:19";"1";"18";"1:18:14";"26";"2:06:17";"33";"2:06:17";"2026-05-09T15:21:18.0400000";"";""
"42";"Forced team";"(Veronica Schiller, Joel Asketun, Malin Lindström, Lucas Kralj, Jonathan Schiller, Jonathan Edblad, Viktor Schiller, Ulrika Sslegård, Gabriella Stucinskas)";"F";"SWE";"";"Stafett 75 km";"Mixed ej tävling - Fri fördelning";"Stafett 75 km";"7:23:43";"07:23:42.500";"7:23:43";"1";"19";"1:20:38";"6";"56:34";"34";"2:08:41";"2026-05-09T15:23:42.4900000";"";""
"5";"Team Folket på Garveriet";"(Stina Lundstedt, Anna Nilsson, Gabriel Karlsson, Elina Röckner, Anna Nilsson, Victor Edholm, Joel Fritzell, Gabriel Karlsson, Anna Nilsson)";"M";"SWE";"";"Stafett 75 km";"Mixed ej tävling - Fri fördelning";"Stafett 75 km";"7:26:08";"07:26:08.000";"7:26:08";"1";"20";"1:23:04";"27";"2:11:07";"35";"2:11:07";"2026-05-09T15:26:07.9900000";"";""
"64";"Bomans Övriga Kompisar";"(Martin Kastebo, Martin Kastebo, Johan Persson, Alfred Andersson, Mikael Alping, Mikael Alping, Johan Bowald, Johan Härdmark, Jakob Boman)";"M";"SWE";"";"Stafett 75 km";"Mixed ej tävling - Fri fördelning";"Stafett 75 km";"7:30:49";"07:30:48.800";"7:30:49";"1";"21";"1:27:44";"29";"2:15:47";"38";"2:15:47";"2026-05-09T15:30:48.7800000";"";""
"22";"Friskis & Svettis, Alingsås";"(Karin Bennehed, Marita Pettersson, Frida Hermansson, Henrik Bergman, Jonas Nilsson, Pia Lindberg, Jan-Ove Åsbogård , Erik Bjelkemyr, Jonas Ryberg)";"F";"SWE";"";"Stafett 75 km";"Mixed ej tävling - Fri fördelning";"Stafett 75 km";"7:35:20";"07:35:19.300";"7:35:20";"1";"22";"1:32:15";"8";"1:08:11";"39";"2:20:18";"2026-05-09T15:35:19.2400000";"";""
"124";"Team Nordic Trail Alingsås";"(Jonas Elison, Jonas Elison, Marlene Thedvall, Filip Engström, Emma Samuelsson, Clas Jinton, Susanne Jansson, Kattis Görrel, Niklas Siwersjö)";"F";"SWE";"";"Stafett 75 km";"Mixed ej tävling - Fri fördelning";"Stafett 75 km";"7:37:33";"07:37:32.700";"7:37:33";"1";"23";"1:34:28";"10";"1:10:24";"41";"2:22:31";"2026-05-09T15:37:32.6300000";"";""
"94";"incorp";"(Maria Zandén, Emil Vårhall, Robert Runegrund, John Gollenia, Anders Zandén, Axel Ålleving, Emil Törnqvist, Emil Törnqvist, David Skoog)";"M";"SWE";"";"Stafett 75 km";"Mixed ej tävling - Fri fördelning";"Stafett 75 km";"7:38:08";"07:38:07.400";"7:38:08";"1";"24";"1:35:03";"30";"2:23:06";"42";"2:23:06";"2026-05-09T15:38:07.3700000";"";""
"130";"Trailrunning Sweden ";"(Sara Costa, Johan Ek Weis, Ola Lundén, Sara Costa, Johan Ek Weis, Ola Lundén, Sara Costa, Johan Ek Weis, Ola Lundén)";"F";"SWE";"";"Stafett 75 km";"Mixed ej tävling - Fri fördelning";"Stafett 75 km";"7:39:54";"07:39:54.000";"7:39:54";"1";"25";"1:36:50";"12";"1:12:46";"44";"2:24:53";"2026-05-09T15:39:53.9200000";"";""
"40";"Stenkullen Ultras";"(Fredrik Alftrén, Kalle Hermansson, Louise Thelén, Malin Wahlén Hermansson, Tobias Martis, Gisela Alftrén, Jonas Hermansson, Kalle Hermansson, Rasmus Hermansson Wahlén)";"M";"SWE";"";"Stafett 75 km";"Mixed ej tävling - Fri fördelning";"Stafett 75 km";"7:40:25";"07:40:24.700";"7:40:25";"1";"26";"1:37:20";"31";"2:25:23";"45";"2:25:23";"2026-05-09T15:40:24.6600000";"";""
"20";"TB-GRUPPEN";"(Magnus Johansson, Magnus Johansson, Johan Olsson, Jonathan Wallin, Linda Smedberg, Magnus Bertilsson, Magnus Bertilsson, Peter Hendberg, Göran Lissmatz)";"N";"SWE";"";"Stafett 75 km";"Mixed ej tävling - Fri fördelning";"Stafett 75 km";"7:41:34";"07:41:33.500";"7:41:34";"1";"27";"1:38:29";"3";"35:49";"46";"2:26:32";"2026-05-09T15:41:33.4700000";"";""
"62";"Team snubbel & Co.";"(Joel Barrhäll, Peter Nygren, Joel Barrhäll, Katarina Crafoord, Joel Barrhäll, Anders Krok, Anders Krook, Lena Lyrstrand, Peter Nygren)";"M";"SWE";"";"Stafett 75 km";"Mixed ej tävling - Fri fördelning";"Stafett 75 km";"7:43:12";"07:43:11.100";"7:43:12";"1";"28";"1:40:07";"32";"2:28:10";"47";"2:28:10";"2026-05-09T15:43:11.1000000";"";""
"36";"NCC Västra Götaland";"(Henrik Hernqvist, Lulu Li, Sofia Söderström, Simon Berg, Daniel Blomqvist, Daniel Blomqvist, Jonas Castenbrandt, Vera Rytter, Vera Rytter)";"M";"SWE";"";"Stafett 75 km";"Mixed ej tävling - Fri fördelning";"Stafett 75 km";"7:43:29";"07:43:28.100";"7:43:29";"1";"29";"1:40:24";"33";"2:28:27";"48";"2:28:27";"2026-05-09T15:43:28.0600000";"";""
"35";"Ur Hängmattan";"(Elin Jagefeldt, Lina Börjesson, Kajsa Sandberg, Martin Fuentes Schiölde, Olivia Adolfsson, Jonny Flink, Ebba Leandersson, Carl Forsström, Erika Torvaldsson)";"M";"SWE";"";"Stafett 75 km";"Mixed ej tävling - Fri fördelning";"Stafett 75 km";"7:43:31";"07:43:31.000";"7:43:31";"1";"30";"1:40:27";"34";"2:28:30";"49";"2:28:30";"2026-05-09T15:43:30.9100000";"";""
"114";"AFRY Trollhättan 1";"(Karin Melin, Pouya Sabzevari, Rickard Josefsson, Rajesh Kumar Guduru, Stefan Hellqvist, Rickard Josefsson, Karin Melin, Hajar Khlifi, Stefan Hellqvist)";"M";"SWE";"";"Stafett 75 km";"Mixed ej tävling - Fri fördelning";"Stafett 75 km";"7:45:31";"07:45:30.600";"7:45:31";"1";"31";"1:42:26";"35";"2:30:29";"50";"2:30:29";"2026-05-09T15:45:30.5500000";"";""
"14";"Stafett & Svett";"(Rebecca Maté, Rasmus Johansson, Rasmus Johansson, David Fredriksson, Klara Johansson, Josefin Corin-Stig, Emil Corin-Stig, Niklas Andersson, Anton Andersson)";"M";"SWE";"";"Stafett 75 km";"Mixed ej tävling - Fri fördelning";"Stafett 75 km";"7:47:14";"07:47:13.300";"7:47:14";"1";"32";"1:44:09";"37";"2:32:12";"52";"2:32:12";"2026-05-09T15:47:13.2500000";"";""
"95";"Martins änglar";"";"M";"SWE";"";"Stafett 75 km";"Mixed ej tävling - Fri fördelning";"Stafett 75 km";"7:47:45";"07:47:45.000";"7:47:45";"1";"33";"1:44:41";"38";"2:32:44";"53";"2:32:44";"2026-05-09T15:47:44.9900000";"";""
"101";"The Raggers!";"(Henrik Nilsson, Rikard Alvekvist , Satu Alvekvist ,  ,  ,  ,  ,  ,  )";"M";"SWE";"";"Stafett 75 km";"Mixed ej tävling - Fri fördelning";"Stafett 75 km";"7:48:16";"07:48:16.000";"7:48:16";"1";"34";"1:45:12";"39";"2:33:15";"54";"2:33:15";"2026-05-09T15:48:16.0000000";"";""
"7";"SQ2G";"(Lisa Caspersson, Oscar Stenqvist, Elin Stenqvist, Isac Boman, Jessi Stenqvist, Eric , Lars Stenqvist, Isac Boman, Oscar Stenqvist)";"F";"SWE";"";"Stafett 75 km";"Mixed ej tävling - Fri fördelning";"Stafett 75 km";"7:48:30";"07:48:29.400";"7:48:30";"1";"35";"1:45:25";"13";"1:21:21";"55";"2:33:28";"2026-05-09T15:48:29.3100000";"";""
"82";"Carnitas Running Club";"(Annika Lindkvist, Monir Aldenborg, Erik Winerö, Anders Björling, Anders Björling, Patrick Philips, Ted Smidje, Hanna Westerberg, Karin Sjömar)";"F";"SWE";"";"Stafett 75 km";"Mixed ej tävling - Fri fördelning";"Stafett 75 km";"7:48:46";"07:48:45.400";"7:48:46";"1";"36";"1:45:41";"14";"1:21:37";"56";"2:33:44";"2026-05-09T15:48:45.3200000";"";""
"120";"Dave the Braves";"(Carl Andersson, Monica Berntsson Drake, James Drake, Victoria Drake, William Drake, William Drake, Isabelle Schmitz, David Drake, David Drake)";"M";"SWE";"";"Stafett 75 km";"Mixed ej tävling - Fri fördelning";"Stafett 75 km";"7:52:57";"07:52:56.100";"7:52:57";"1";"37";"1:49:52";"40";"2:37:55";"58";"2:37:55";"2026-05-09T15:52:56.0300000";"";""
"129";"Solkatten";"";"N";"SWE";"";"Stafett 75 km";"Mixed ej tävling - Fri fördelning";"Stafett 75 km";"7:54:39";"07:54:38.700";"7:54:39";"1";"38";"1:51:34";"4";"48:54";"61";"2:39:37";"2026-05-09T15:54:38.6900000";"";""
"43";"Aorta Allstars";"(Martina Larsson, Martina Larsson, Natalie Karlsson, Johanna Lind, Mattias Gidlöf, Mattias Gidlöf, Edda Pálsdóttir, Edda Pálsdóttir, Mona-Lisa Jacobsson)";"F";"SWE";"";"Stafett 75 km";"Mixed ej tävling - Fri fördelning";"Stafett 75 km";"7:55:42";"07:55:41.200";"7:55:42";"1";"39";"1:52:37";"16";"1:28:33";"62";"2:40:40";"2026-05-09T15:55:41.1700000";"";""
"50";"Alm & co";"(Svante Voxendal, Mattias Alm, Ture Alm, Melvin Johansson, Petra Boström, Cilla Flodén, Klara Hellgren, Elis Sköld, Jesper Alm)";"M";"SWE";"";"Stafett 75 km";"Mixed ej tävling - Fri fördelning";"Stafett 75 km";"7:56:01";"07:56:00.100";"7:56:01";"1";"40";"1:52:56";"43";"2:40:59";"63";"2:40:59";"2026-05-09T15:56:00.0200000";"";""
"72";"Running from IT";"(Robert Eid, Mathias Åström, Mathias Åström, Fredric Sjöstrand, Pablo Zegal, Niclas Otterberg, Erik Olsson, Simon Svensson, Christoffer Wetterlundh)";"F";"SWE";"";"Stafett 75 km";"Mixed ej tävling - Fri fördelning";"Stafett 75 km";"7:56:02";"07:56:01.400";"7:56:02";"1";"41";"1:52:57";"17";"1:28:53";"64";"2:41:00";"2026-05-09T15:56:01.3600000";"";""
"18";"UltraN00b";"(Joacim Benjaminsson, Carin Frandsen, Per Hillerborg, Johan Särnbratt, Julia Ohlá, Mattias , Jonas , Karin Sjöberg, Johanna )";"F";"SWE";"";"Stafett 75 km";"Mixed ej tävling - Fri fördelning";"Stafett 75 km";"7:56:56";"07:56:56.000";"7:56:56";"1";"42";"1:53:52";"18";"1:29:48";"65";"2:41:55";"2026-05-09T15:56:55.9700000";"";""
"110";"Wallströms entreprenad";"(Joel Björkman, Maximilian Pellden, Mattias Wallström, Morgan Cederstöm, Patrik Stålcrona, David Renborg, Sebastian Wallström, Sofia Brink , Anders Andersson)";"M";"SWE";"";"Stafett 75 km";"Mixed ej tävling - Fri fördelning";"Stafett 75 km";"7:58:49";"07:58:48.600";"7:58:49";"1";"43";"1:55:44";"44";"2:43:47";"66";"2:43:47";"2026-05-09T15:58:48.6000000";"";""
"55";"Herrljunga Terrazzo";"(Åsa Wellande, Morgan Fihn, Anton Wihlstrand, Ajmal Maleki, Patrick Magnusson, Emma Frost, Måns Larsson, Armend Cetaj, Anton Lundell)";"M";"SWE";"";"Stafett 75 km";"Mixed ej tävling - Fri fördelning";"Stafett 75 km";"7:59:22";"07:59:21.500";"7:59:22";"1";"44";"1:56:17";"45";"2:44:20";"67";"2:44:20";"2026-05-09T15:59:21.4500000";"";""
"99";"Myror och Höökar";"(Embla Höök, Marianne Allmyr, Nova Allmyr, Jörgen Karlsson, Magnus Allmyr, Vilja Höök, Malte Allmyr, Widar Höök, Karin Höök)";"F";"SWE";"";"Stafett 75 km";"Mixed ej tävling - Fri fördelning";"Stafett 75 km";"8:00:03";"08:00:03.000";"8:00:03";"1";"45";"1:56:59";"19";"1:32:55";"68";"2:45:02";"2026-05-09T16:00:02.9100000";"";""
"88";"Nio liv";"(Gabriella Agi, Maja Svensson, Kim Larsson, Oskar Andersson, Tora Hilmarch, Alice Jacobsson, Ebba Hilmarch, Lukas Hilmarch, Sofia Bilén)";"M";"SWE";"";"Stafett 75 km";"Mixed ej tävling - Fri fördelning";"Stafett 75 km";"8:01:37";"08:01:36.700";"8:01:37";"1";"46";"1:58:32";"46";"2:46:35";"69";"2:46:35";"2026-05-09T16:01:36.6300000";"";""
"1";"Team Lerum Energi";"(Maija Happonen, Pontus Larsson, Janette Rydin, Nils Svenningsson, Simon Voigt Jansson, Lina Dahl, Jenny Nordlund, Thomas Jansson, Oskar Isaksson)";"M";"SWE";"";"Stafett 75 km";"Mixed ej tävling - Fri fördelning";"Stafett 75 km";"8:02:33";"08:02:32.300";"8:02:33";"1";"47";"1:59:28";"48";"2:47:31";"71";"2:47:31";"2026-05-09T16:02:32.3000000";"";""
"79";"Efterfestens ELIT";"(Filip Lindbast, Pyret Mathison, Albina Bislimi, Petra Mathison, Benjamin Nyman, Henrik Malmström, Henrik Malmström, Charlotta Eriksson, Evelina Skantz)";"F";"SWE";"";"Stafett 75 km";"Mixed ej tävling - Fri fördelning";"Stafett 75 km";"8:03:30";"08:03:30.000";"8:03:30";"1";"48";"2:00:26";"20";"1:36:22";"72";"2:48:29";"2026-05-09T16:03:29.9300000";"";""
"56";"Fhem";"(Pauline Björk, Viktor Johannesson, Viktor Johannesson, Hannes Svahn, Hannes Svahn, William Andersson, Axel Widerstrand, Felix Holmesten, Felix Holmesten)";"M";"SWE";"";"Stafett 75 km";"Mixed ej tävling - Fri fördelning";"Stafett 75 km";"8:03:33";"08:03:32.400";"8:03:33";"1";"49";"2:00:28";"49";"2:48:31";"73";"2:48:31";"2026-05-09T16:03:32.3600000";"";""
"60";"Team Flood";"(Adrian Flood, Erik Flood, Malin Flood, Christer Flood, Evert Flood, Linn Flood, Christer Flood, Christer Flood, Robin Flood)";"M";"SWE";"";"Stafett 75 km";"Mixed ej tävling - Fri fördelning";"Stafett 75 km";"8:05:31";"08:05:30.800";"8:05:31";"1";"50";"2:02:26";"52";"2:50:29";"76";"2:50:29";"2026-05-09T16:05:30.7700000";"";""
"96";"The Cardiac Outputs";"(Mathias Larsson, Mathias Larsson, Amanda Wahlin, Katarina Eriksson, Johanna Olofsson, Thalia Ferguson, Alma Fransson, Alma Fransson, Caroline Engdahl)";"F";"SWE";"";"Stafett 75 km";"Mixed ej tävling - Fri fördelning";"Stafett 75 km";"8:08:13";"08:08:12.200";"8:08:13";"1";"51";"2:05:08";"22";"1:41:04";"78";"2:53:11";"2026-05-09T16:08:12.2000000";"";""
"39";"Nilssons";"(Mikael Engstrand, Mikael Engstrand, Karin Engstrand, Carlos Capo Milding, Elisabeth Nilsson, Ylva Nilsson, Daniel Davidsson, Ben Cronshaw, Kristina Nilsson)";"M";"SWE";"";"Stafett 75 km";"Mixed ej tävling - Fri fördelning";"Stafett 75 km";"8:08:14";"08:08:13.400";"8:08:14";"1";"52";"2:05:09";"53";"2:53:12";"79";"2:53:12";"2026-05-09T16:08:13.3500000";"";""
"31";"Sandaredarna";"(Ida Wannberg, Ruta Dvarecke, Maria , Maria , Anita , Bernadette van Asbeck, Victor Swenson, Victor Swenson, Emelie Järnhester)";"M";"SWE";"";"Stafett 75 km";"Mixed ej tävling - Fri fördelning";"Stafett 75 km";"8:09:28";"08:09:27.600";"8:09:28";"1";"53";"2:06:23";"54";"2:54:26";"81";"2:54:26";"2026-05-09T16:09:27.5900000";"";""
"25";"Miles & Smiles";"(Regina Enge, Christoffer Axelsson, Göran Enge, Amanda Enge, Maria Axelsson, Gunnar Axelsson, Christoffer Axelsson, Sofie Axelsson, Anders Salesjö)";"M";"SWE";"";"Stafett 75 km";"Mixed ej tävling - Fri fördelning";"Stafett 75 km";"8:12:46";"08:12:45.400";"8:12:46";"1";"54";"2:09:41";"55";"2:57:44";"83";"2:57:44";"2026-05-09T16:12:45.3900000";"";""
"59";"Eriksons Chark Laget + Masoud";"";"M";"SWE";"";"Stafett 75 km";"Mixed ej tävling - Fri fördelning";"Stafett 75 km";"8:15:52";"08:15:51.100";"8:15:52";"1";"55";"2:12:47";"56";"3:00:50";"84";"3:00:50";"2026-05-09T16:15:51.0500000";"";""
"83";"Kanvi?";"(Kim Simensen, Emma Törnroth, Josefine Rasmusson, Johan Diedrichs, Nicklas Hult, Nicklas Hult, Nicklas Hult, Emilia Sileson, Lisa Andersson)";"N";"SWE";"";"Stafett 75 km";"Mixed ej tävling - Fri fördelning";"Stafett 75 km";"8:16:17";"08:16:16.300";"8:16:17";"1";"56";"2:13:12";"5";"1:10:32";"85";"3:01:15";"2026-05-09T16:16:16.2400000";"";""
"109";"Lördagsjoggarna";"(Andreas Magnusson, Fredrik Henriksson, Åsa Magnusson, Daniel Nyström, Tony Engelke, Maria Johansson, Andreas Magnusson, Marie Hjalmarsson Engelke, Monika Fitz)";"F";"SWE";"";"Stafett 75 km";"Mixed ej tävling - Fri fördelning";"Stafett 75 km";"8:16:55";"08:16:54.600";"8:16:55";"1";"57";"2:13:50";"25";"1:49:46";"86";"3:01:53";"2026-05-09T16:16:54.5600000";"";""
"117";"Team Tingeling";"(Mikael Larsson, Anna Jansson, Nakisa Gordani, Emilia Lindström, Emilia Lindström, Niklas Von Heideman, Niklas Von Heideman, Karolin Bigsten, Per Von Heideman)";"F";"SWE";"";"Stafett 75 km";"Mixed ej tävling - Fri fördelning";"Stafett 75 km";"8:18:57";"08:18:56.400";"8:18:57";"1";"58";"2:15:52";"26";"1:51:48";"87";"3:03:55";"2026-05-09T16:18:56.3700000";"";""
"89";"Endorfin löp & styrka";"(Annacarin Von Heideman, Ulf Jansson, Hanne Larssen, Richard Lindström, Richard Lindström, Tommy Carlsson, Anders Eliasson, Annacarin Von Heideman, Joakim Jonasson)";"F";"SWE";"";"Stafett 75 km";"Mixed ej tävling - Fri fördelning";"Stafett 75 km";"8:18:59";"08:18:58.100";"8:18:59";"1";"59";"2:15:54";"27";"1:51:50";"88";"3:03:57";"2026-05-09T16:18:58.0100000";"";""
"34";"Bodaskolan";"(Linus Linus, Linus Linus, Linus Linus, Johan Henriksson, Josefine Eidering, Josefine Eidering, Lisa Andersson, Johan Falk, Johan Falk)";"M";"SWE";"";"Stafett 75 km";"Mixed ej tävling - Fri fördelning";"Stafett 75 km";"8:19:19";"08:19:19.000";"8:19:19";"1";"60";"2:16:15";"57";"3:04:18";"89";"3:04:18";"2026-05-09T16:19:18.9400000";"";""
"13";"Interkakel";"(Andreas Svanborg, Oskar Pedersen, Moa Sjögren, Anders Sjögren,  ,  ,  ,  ,  )";"M";"SWE";"";"Stafett 75 km";"Mixed ej tävling - Fri fördelning";"Stafett 75 km";"8:23:02";"08:23:01.300";"8:23:02";"1";"61";"2:19:57";"58";"3:08:00";"90";"3:08:00";"2026-05-09T16:23:01.2500000";"";""
"67";"Snabba i Teorin";"(Linda Busse, Marcus Croona, Kajsa Skarrie, Charlotte Nordgren, Klas Larsson, Eric Forsell Schefvert, Madeleine Larsson, Anton Karlström, Anton Karlström)";"F";"SWE";"";"Stafett 75 km";"Mixed ej tävling - Fri fördelning";"Stafett 75 km";"8:24:36";"08:24:35.400";"8:24:36";"1";"62";"2:21:31";"28";"1:57:27";"91";"3:09:34";"2026-05-09T16:24:35.3900000";"";""
"46";"Sallivera Mera";"(Salli Moore, Fredrik Ekman, Julia Moore, Jennifer Moore Peterson, Salli Moore, Ludvig Moore, Julia Moore, Jennifer Moore Peterson, Salli Moore)";"F";"SWE";"";"Stafett 75 km";"Mixed ej tävling - Fri fördelning";"Stafett 75 km";"8:25:25";"08:25:24.400";"8:25:25";"1";"63";"2:22:20";"29";"1:58:16";"92";"3:10:23";"2026-05-09T16:25:24.3300000";"";""
"2";"Team Öijared Resort";"(Johan Brandström, Johan Brandström, Johan Brandström, Johan Brandström, Kristina Brandström, Christian Eberstein, Mikael Jedenberg, Lars Evertsson, Daniel Andersson)";"M";"SWE";"";"Stafett 75 km";"Mixed ej tävling - Fri fördelning";"Stafett 75 km";"8:33:54";"08:33:53.500";"8:33:54";"1";"64";"2:30:49";"60";"3:18:52";"95";"3:18:52";"2026-05-09T16:33:53.4900000";"";""
"93";"JOLL";"(Linda Liljestig, Linda Liljestig, Olle Flink, Olle Flink, Lisa Flink, Lisa Flink, Sara Thunberg, Lisa Flink, Camilla Oldberg)";"F";"SWE";"";"Stafett 75 km";"Mixed ej tävling - Fri fördelning";"Stafett 75 km";"8:37:36";"08:37:35.500";"8:37:36";"1";"65";"2:34:31";"33";"2:10:27";"98";"3:22:34";"2026-05-09T16:37:35.4800000";"";""
"104";"Personalbanken";"(Marie Virdstedt, Magnus Lund, Firmesk Ibrahim, Dennis Musa, Madelene Ingmarsson, Madelene Ingmarsson, Julia Silebäck, Vishnu Nair, Vishnu Nair)";"F";"SWE";"";"Stafett 75 km";"Mixed ej tävling - Fri fördelning";"Stafett 75 km";"8:45:02";"08:45:01.200";"8:45:02";"1";"66";"2:41:57";"35";"2:17:53";"102";"3:30:00";"2026-05-09T16:45:01.1900000";"";""
"107";"Meltrunners";"(Ilya Krukau,  , Hawkar Ali, Fredrik Wängberg,  , Tobias Färdig,  , Mattias Österberg,  )";"M";"SWE";"";"Stafett 75 km";"Mixed ej tävling - Fri fördelning";"Stafett 75 km";"9:00:34";"09:00:33.600";"9:00:34";"1";"67";"2:57:29";"64";"3:45:32";"104";"3:45:32";"2026-05-09T17:00:33.6000000";"";""
"16";"Ultra 75";"";"F";"SWE";"";"Stafett 75 km";"Mixed ej tävling - Fri fördelning";"Stafett 75 km";"9:01:22";"09:01:21.800";"9:01:22";"1";"68";"2:58:17";"36";"2:34:13";"105";"3:46:20";"2026-05-09T17:01:21.7700000";"";""
"102";"Bauer";"(Johanna Kindberg, Johanna Kindberg, Johanna Kindberg, Robin Kindberg, Robin Kindberg, Robin Kindberg, Pieter-Jan Maekelbergh, Pieter-Jan Maekelbergh, Pieter-Jan Maekelbergh)";"M";"SWE";"";"Stafett 75 km";"Mixed ej tävling - Fri fördelning";"Stafett 75 km";"9:09:05";"09:09:04.700";"9:09:05";"1";"69";"3:06:00";"65";"3:54:03";"106";"3:54:03";"2026-05-09T17:09:04.6700000";"";""
"73";"Komin kommer ut";"(Marie Berggren, Jorunn Towers, Vendela Tjärnström, Joakim Gidlund, Bianca Jasphe, Yvonne Sjöberg, Sandra Mathiasson, Chantale Fitze, Matilda Heidenvall)";"F";"SWE";"";"Stafett 75 km";"Mixed ej tävling - Fri fördelning";"Stafett 75 km";"9:16:44";"09:16:43.700";"9:16:44";"1";"70";"3:13:39";"37";"2:49:35";"107";"4:01:42";"2026-05-09T17:16:43.6700000";"";""
"66";"Lövhultsmaffian";"(Andreas Nordh, Andreas Nordh, Oscar Rosenlind, Niklas Björnander, Jerry Andreasson, Jerry Andreasson, Oskar Pettersson, Patrik Carlson, Patrik Carlson)";"M";"SWE";"";"Stafett 75 km";"Mixed ej tävling - Fri fördelning";"Stafett 75 km";"9:38:17";"09:38:16.600";"9:38:17";"1";"71";"3:35:12";"66";"4:23:15";"108";"4:23:15";"2026-05-09T17:38:16.5500000";"";""
"119";"GGG";"(Örn Strandevall, Fredrik Anderson, Mattias Strandevall, Lars-Erik Mott, Tommy Andersson, Tommy Andersson, Tommy Andersson, Jens Wolff, Jan Strandevall)";"M";"SWE";"";"Stafett 75 km";"Mixed ej tävling - Fri fördelning";"Stafett 75 km";"10:01:56";"10:01:55.600";"10:01:56";"1";"72";"3:58:51";"67";"4:46:54";"109";"4:46:54";"2026-05-09T18:01:55.6000000";"";""
"70";"Familjen Brandström";"";"F";"SWE";"";"Stafett 75 km";"Mixed ej tävling - Fri fördelning";"Stafett 75 km";"DNS";"00:00:00.000";"DNS";"1";"73";"";"38";"";"111";"";"";"";""
"15";"Peanuts med kunder";"";"M";"SWE";"";"Stafett 75 km";"Mixed ej tävling - Fri fördelning";"Stafett 75 km";"DNS";"00:00:00.000";"DNS";"1";"74";"";"69";"";"112";"";"";"";""
"33";"Lerum Lightning";"";"M";"SWE";"";"Stafett 75 km";"Mixed ej tävling - Fri fördelning";"Stafett 75 km";"DNS";"00:00:00.000";"DNS";"1";"75";"";"70";"";"113";"";"";"";""
"63";"Team Orbi";"(Niklas Holmander, Erik Eldh, Erik Nolander, Emil Jehrn, Robert Arnestad, David Maars, Anton Rapp, Martin Zalewski, Jennie Schöön)";"M";"SWE";"";"Stafett 75 km";"Mixed ej tävling - Fri fördelning";"Stafett 75 km";"DNS";"00:00:00.000";"DNS";"1";"76";"";"71";"";"114";"";"";"";""
"6";"Team Umara";"(Tommy Ivarsson, Tommy Ivarsson, Tommy Ivarsson, Tommy Ivarsson, Tommy Ivarsson, Tommy Ivarsson, Tommy Ivarsson, Tommy Ivarsson, Tommy Ivarsson)";"M";"SWE";"";"Stafett 75 km";"Mixed ej tävling - Fri fördelning";"Stafett 75 km";"DNS";"00:00:00.000";"DNS";"1";"77";"";"72";"";"115";"";"";"";""
"4";"Team Ica Maxi Alingsås";"";"M";"SWE";"";"Stafett 75 km";"Mixed ej tävling - Fri fördelning";"Stafett 75 km";"DNS";"00:00:00.000";"DNS";"1";"78";"";"73";"";"116";"";"";"";""
"74";"Jernbrukets Ultra";"";"M";"SWE";"";"Stafett 75 km";"Mixed ej tävling - Fri fördelning";"Stafett 75 km";"DNS";"00:00:00.000";"DNS";"1";"79";"";"75";"";"118";"";"";"";""
"3";"Team Ediths Kök";"";"M";"SWE";"";"Stafett 75 km";"Mixed ej tävling - Fri fördelning";"Stafett 75 km";"DNS";"00:00:00.000";"DNS";"1";"80";"";"76";"";"119";"";"";"";""
"105";"Likvida Laxar";"";"F";"SWE";"";"Stafett 75 km";"Mixed ej tävling - Fri fördelning";"Stafett 75 km";"DNS";"00:00:00.000";"DNS";"1";"81";"";"39";"";"120";"";"";"";""
"84";"Fart utan förmåga";"(Samuel Karlsson, Samuel Karlsson, Miriam Degerman, Amanda Hadenius, Pontus Petrelius Risberg, Pontus Petrelius Risberg, Stina Haglund, Elias Wennersten, Elias Wennersten)";"F";"SWE";"";"Stafett 75 km";"Mixed tävling - Minst hälften kvinnor";"Stafett 75 km";"7:10:39";"07:10:38.900";"7:10:39";"1";"1";"0:00";"4";"43:30";"26";"1:55:37";"2026-05-09T15:10:38.8200000";"";""
"57";"Pulspatrullen";"(Hanna Börjesson, Karolina Koch, Per Ahlström, Catharina Koch, Elvira Laurien, Samuel Alfredsson, Thomas Skuja, Julia Ahlström, David Tingström)";"F";"SWE";"";"Stafett 75 km";"Mixed tävling - Minst hälften kvinnor";"Stafett 75 km";"7:29:08";"07:29:07.400";"7:29:08";"1";"2";"18:29";"7";"1:01:59";"37";"2:14:06";"2026-05-09T15:29:07.3500000";"";""
"90";"IVL IF";"(Helena Lundström, Olle Dahlberg, Eva Hallberg, Emke Vrasdonk, Elias Sonnsjö Lönegren, Emelie Johansson, Emelie Johansson, Kajsa Boll, Torbjörn Johansson)";"F";"SWE";"";"Stafett 75 km";"Mixed tävling - Minst hälften kvinnor";"Stafett 75 km";"7:37:02";"07:37:01.300";"7:37:02";"1";"3";"26:23";"9";"1:09:53";"40";"2:22:00";"2026-05-09T15:37:01.3000000";"";""
"115";"Systrar med sällskap";"(Alice Källstrand, Michaela Källstrand, Michaela Källstrand , Saga Källstrand, Mattias Holmström, Mattias Holmström, Karolina Källstrand, Fredrik Persson, Fredrik Persson)";"F";"SWE";"";"Stafett 75 km";"Mixed tävling - Minst hälften kvinnor";"Stafett 75 km";"7:39:31";"07:39:30.200";"7:39:31";"1";"4";"28:52";"11";"1:12:22";"43";"2:24:29";"2026-05-09T15:39:30.1900000";"";""
"58";"Flodas Finest Friends";"(Malin M1 Wranå, Melvin Edvardsson, Cecilia Larsen, Jurek Preisegger, Anna Sköld, Malin M3 Makanjuola, Jenny Frank, Lena Jerkhage, Malin M2 Larking)";"F";"SWE";"";"Stafett 75 km";"Mixed tävling - Minst hälften kvinnor";"Stafett 75 km";"7:50:30";"07:50:29.200";"7:50:30";"1";"5";"39:51";"15";"1:23:21";"57";"2:35:28";"2026-05-09T15:50:29.1300000";"";""
"9";"The Tannery Club 2";"(Melanie Olsson, Linn Johansson, Lillemor Johansson, Ulf Stenberg, Madelene Persson, Clara Görander, Peter Luihn, Lena Peterson, Susanna Ernebro)";"M";"SWE";"";"Stafett 75 km";"Mixed tävling - Minst hälften kvinnor";"Stafett 75 km";"7:53:41";"07:53:41.000";"7:53:41";"1";"6";"43:03";"41";"2:38:40";"59";"2:38:40";"2026-05-09T15:53:40.9100000";"";""
"48";"Björnfamiljen";"(Elisabeth Eickhoff, Frida Eickhoff, Anders Johansson Eickhoff, Nils Eickhoff)";"M";"SWE";"";"Stafett 75 km";"Mixed tävling - Minst hälften kvinnor";"Stafett 75 km";"7:54:09";"07:54:08.500";"7:54:09";"1";"7";"43:30";"42";"2:39:07";"60";"2:39:07";"2026-05-09T15:54:08.4900000";"";""
"81";"Team Kyrkbyvägen ";"";"M";"SWE";"";"Stafett 75 km";"Mixed tävling - Minst hälften kvinnor";"Stafett 75 km";"8:02:27";"08:02:27.000";"8:02:27";"1";"8";"51:49";"47";"2:47:26";"70";"2:47:26";"2026-05-09T16:02:26.9600000";"";""
"71";"Bristol Running Club";"(Fredrik Eisner, Fredrik Eisner, Magnus Ohlsson, Mattias Carlsson, Kristina Eisner, Maria Bergström, Magnus Ohlsson, Fredrik Eisner, Bodil Nordlander)";"M";"SWE";"";"Stafett 75 km";"Mixed tävling - Minst hälften kvinnor";"Stafett 75 km";"8:05:04";"08:05:03.400";"8:05:04";"1";"9";"54:25";"51";"2:50:02";"75";"2:50:02";"2026-05-09T16:05:03.3800000";"";""
"122";"Löpgruppen Gråbo";"";"F";"SWE";"";"Stafett 75 km";"Mixed tävling - Minst hälften kvinnor";"Stafett 75 km";"8:12:06";"08:12:05.100";"8:12:06";"1";"10";"1:01:27";"24";"1:44:57";"82";"2:57:04";"2026-05-09T16:12:05.0400000";"";""
"23";"Ambulansen Akuten Alingsås";"(Camilla Palmén, Kenneth Johansson, Linda Persson, Emilia Järås, Elin Frid, Stina Wallmyr Filipsson, Andreas Högäng, Milla Busk, Michael Stomberg)";"F";"SWE";"";"Stafett 75 km";"Mixed tävling - Minst hälften kvinnor";"Stafett 75 km";"8:27:30";"08:27:29.500";"8:27:30";"1";"11";"1:16:51";"30";"2:00:21";"93";"3:12:28";"2026-05-09T16:27:29.4200000";"";""
"106";"Team CMA CGM";"(Ella Hamfeldt, Kai Karjalainen, Per Eriksson, Malin Karlsson, Fanny Leanderson, Julija Gelvanauskaite, Julia Spindler Sliwa, Axel Josefsson, Amanda Hedegård)";"M";"SWE";"";"Stafett 75 km";"Mixed tävling - Minst hälften kvinnor";"Stafett 75 km";"8:27:52";"08:27:51.400";"8:27:52";"1";"12";"1:17:13";"59";"3:12:50";"94";"3:12:50";"2026-05-09T16:27:51.3200000";"";""
"12";"Nyår2025";"(Maria Brehmer, Daniel Irekvist, Daniel Irekvist, Moa Irekvist, Maria Brehmer, Fabian Östman, Fabian Östman, Sara Sandberg, Moa Irekvist)";"F";"SWE";"";"Stafett 75 km";"Mixed tävling - Minst hälften kvinnor";"Stafett 75 km";"8:35:49";"08:35:48.800";"8:35:49";"1";"13";"1:25:10";"31";"2:08:40";"96";"3:20:47";"2026-05-09T16:35:48.7400000";"";""
"92";"Flodas Finest Family";"(Hilma Fällman, Lotta Carlmark, Jhonna Svensson, Anders Wranå, Ester Brandström, Vera Korpås, Rikard Larking, Ulrika Lundh Eriksson, Sara Larsson Fällman)";"F";"SWE";"";"Stafett 75 km";"Mixed tävling - Minst hälften kvinnor";"Stafett 75 km";"8:35:55";"08:35:54.900";"8:35:55";"1";"14";"1:25:16";"32";"2:08:46";"97";"3:20:53";"2026-05-09T16:35:54.8500000";"";""
"8";"The Tannery Club 1";"(Magnus Jendeberg, Karin Bernhardt, Sara martina Frisk, Michael Christensson, Marc Gaudet, Anna Juhlin, Andreas Remling, Michael Christensson, Gert-inge Persson)";"M";"SWE";"";"Stafett 75 km";"Mixed tävling - Minst hälften kvinnor";"Stafett 75 km";"8:58:49";"08:58:48.200";"8:58:49";"1";"15";"1:48:10";"63";"3:43:47";"103";"3:43:47";"2026-05-09T16:58:48.1800000";"";""
"17";"Aspen OK";"";"M";"SWE";"";"Stafett 75 km";"Mixed tävling - Minst hälften kvinnor";"Stafett 75 km";"DNS";"00:00:00.000";"DNS";"1";"16";"";"77";"";"121";"";"";"";""
"41";"Hälle IF";"(Oliver Thorsson, Axel Karlsson, Jonatan Jungmalm, Jacob Larsson, Gustaf Leonardsson, Jonathan Åström, Per-Adam Jägerström, Johan Gross, Jawad Feizi)";"M";"SWE";"";"Stafett 75 km";"Män";"Stafett 75 km";"5:15:02";"05:15:01.200";"5:15:02";"1";"1";"0:00";"1";"0:00";"1";"0:00";"2026-05-09T13:15:01.1700000";"";""
"125";"Brandkårens IK";"(Adriel Young, Adriel Young, Adriel Young, Henrik Strandås, Anton Molarin, Malte Lidéri, Anders Dahlman, Henrik Strandås, Mattias Arvidsson)";"M";"SWE";"";"Stafett 75 km";"Män";"Stafett 75 km";"5:46:59";"05:46:58.300";"5:46:59";"1";"2";"31:57";"2";"31:57";"2";"31:57";"2026-05-09T13:46:58.3000000";"";""
"111";"Till Max Ära";"(Adam Trulsson, Jesper Hultqvist, Linus Stridsman, Hugo Tormento, Emelie Nilsson, Billy Fransson, Hugo Tmt, Lovisa Lindh, Lukas Andersson)";"M";"SWE";"";"Stafett 75 km";"Män";"Stafett 75 km";"5:52:28";"05:52:27.700";"5:52:28";"1";"3";"37:26";"3";"37:26";"3";"37:26";"2026-05-09T13:52:27.6900000";"";""
"11";"Chamois Run Club";"(Linus Carestam, Isak Svensson, Love Lekebo, Olle Gustafson, Linus Carestam, Oliver Eriksson, Love Lekebo, Isak Svensson, Olle Gustafson)";"M";"SWE";"";"Stafett 75 km";"Män";"Stafett 75 km";"6:04:49";"06:04:48.900";"6:04:49";"1";"4";"49:47";"5";"49:47";"5";"49:47";"2026-05-09T14:04:48.9000000";"";""
"86";"Solvikingarna Herr";"(Bengt Dahlberg, Andreas Lundgren, Ivan Delmon, Janne Hofgren Patala, Anders Kadmark, Tomas Lindh, Reine Jacobsson, Ulf Johansson, Matthew Dore)";"M";"SWE";"";"Stafett 75 km";"Män";"Stafett 75 km";"6:22:21";"06:22:20.100";"6:22:21";"1";"5";"1:07:19";"6";"1:07:19";"6";"1:07:19";"2026-05-09T14:22:20.0900000";"";""
"44";"Propparna & Plantorna";"(Niklas Rung, Niklas Rung, Niklas Rung, Niklas Rung, Niklas Rung, Magnus Magnusson, Magnus Magnusson, Magnus Magnusson, Magnus Magnusson)";"M";"SWE";"";"Stafett 75 km";"Män";"Stafett 75 km";"6:27:34";"06:27:34.000";"6:27:34";"1";"6";"1:12:33";"7";"1:12:33";"8";"1:12:33";"2026-05-09T14:27:33.9100000";"";""
"127";"Trollhättans IF Friidrott";"(Dan-Åke Johansson, Dan-Åke Johansson, Anders Ahl, Jörgen Eriksson, Alexander Arvroth, Alexander Arvroth, Patrik Broberg, Patrik Broberg, Patrik Broberg)";"M";"SWE";"";"Stafett 75 km";"Män";"Stafett 75 km";"6:38:06";"06:38:05.600";"6:38:06";"1";"7";"1:23:04";"8";"1:23:04";"9";"1:23:04";"2026-05-09T14:38:05.5600000";"";""
"53";"Åh Gud Varför Gör Jag Detta";"(Martin Kauhanen, Roy Strömberg, Erik Hennig, Rasmus Arnoldsson, Linus Lorentzon, Erik Hennig, Rasmus Arnoldsson, Markus Karlsson, Karl-Johan Svenningsson)";"M";"SWE";"";"Stafett 75 km";"Män";"Stafett 75 km";"6:39:29";"06:39:28.700";"6:39:29";"1";"8";"1:24:27";"9";"1:24:27";"10";"1:24:27";"2026-05-09T14:39:28.6500000";"";""
"30";"Mölndals Stads Motionsförening";"(Gustav Magnusson, Christoffer Björklund, Jakob Mattsson, Philippe Rome, Brandon Munoz Ocampo, Sebastian Stolt, Tobias Johansson, Carl-Henrik Nordfeldt, Ragnar Uppström)";"M";"SWE";"";"Stafett 75 km";"Män";"Stafett 75 km";"7:01:01";"07:01:00.700";"7:01:01";"1";"9";"1:45:59";"14";"1:45:59";"16";"1:45:59";"2026-05-09T15:01:00.6200000";"";""
"126";"Ubbhult Ultras";"(Mattias Kristensson, Mattias Kristensson, Richard Celius, Mattias Kristensson, Mattias Kristensson, Richard Celius, Mattias Kristensson, Mattias Kristensson, Richard Celius)";"M";"SWE";"";"Stafett 75 km";"Män";"Stafett 75 km";"7:01:11";"07:01:11.000";"7:01:11";"1";"10";"1:46:10";"15";"1:46:10";"17";"1:46:10";"2026-05-09T15:01:10.9100000";"";""
"123";"Rydlers Runners";"(David Stjerna, David Stjerna, Christoffer Sundqvist, Christoffer Sundqvist, Mikael Samuelsson, Emil Lönnbark, Emil Lönnbark, Lars-Erik Wessbo, Lars-Erik Wessbo)";"N";"SWE";"";"Stafett 75 km";"Män";"Stafett 75 km";"7:05:45";"07:05:44.600";"7:05:45";"1";"11";"1:50:43";"1";"0:00";"20";"1:50:43";"2026-05-09T15:05:44.5300000";"";""
"113";"HG Running";"(Dennis Hansson, Dennis Hansson, Jonathan Snygg, Jonathan Snygg, Joakim Fridérus, Joakim Fridérus, Per Gustavsson, Per Gustavsson, Jonas Nordqvist)";"M";"SWE";"";"Stafett 75 km";"Män";"Stafett 75 km";"7:08:07";"07:08:06.400";"7:08:07";"1";"12";"1:53:05";"18";"1:53:05";"22";"1:53:05";"2026-05-09T15:08:06.3600000";"";""
"98";"Jons Joggingjäng";"(Jesper Hammarstrand, Peter Törnquist, Jonathan Westergård, Alexander Payman, Jon Efraimsson, Mikael Granberg, Stubben Efraimsson, Billy Oldenqvist, Julius Lincke)";"M";"SWE";"";"Stafett 75 km";"Män";"Stafett 75 km";"7:10:16";"07:10:15.600";"7:10:16";"1";"13";"1:55:14";"20";"1:55:14";"24";"1:55:14";"2026-05-09T15:10:15.5900000";"";""
"97";"Team Linderoth";"(Erwin Van der Ploeg, Erwin Van der Ploeg, John Crawford, Tobias Linderoth, Gustav Triezenberg, Nisse Berg, Nisse Berg, Henrik Olausson, Henrik Olausson)";"M";"SWE";"";"Stafett 75 km";"Män";"Stafett 75 km";"7:28:53";"07:28:52.800";"7:28:53";"1";"14";"2:13:51";"28";"2:13:51";"36";"2:13:51";"2026-05-09T15:28:52.7300000";"";""
"24";"Vännerna + Per";"(Thomas Gård, Carl Johansson, Erik Wikström, Henning Larsson, Daniel Larsson, Daniel Larsson, Erik Kristensen, Per Gustafsson, Magnus Sivenius)";"M";"SWE";"";"Stafett 75 km";"Män";"Stafett 75 km";"8:04:23";"08:04:22.600";"8:04:23";"1";"15";"2:49:21";"50";"2:49:21";"74";"2:49:21";"2026-05-09T16:04:22.5400000";"";""
"47";"TPE+A";"(David Nordentjell, Daniel Mortiz, Andreas Josefsson, Andreas Josefsson, Daniel Moritz, David Nordentjell, David Nordentjell, Andreas Martinsson, Andreas Martinsson)";"M";"SWE";"";"Stafett 75 km";"Män";"Stafett 75 km";"8:39:40";"08:39:39.400";"8:39:40";"1";"16";"3:24:38";"61";"3:24:38";"99";"3:24:38";"2026-05-09T16:39:39.3800000";"";""
"112";"MaxBjörn";"(Max Karlsson, Max Karlsson, Max Karlsson, Max Karlson, Max Karlsson, Björn Hagström, Björn Hagström, Björn Hagström, Björn Hagström)";"M";"SWE";"";"Stafett 75 km";"Män";"Stafett 75 km";"8:44:01";"08:44:01.000";"8:44:01";"1";"17";"3:29:00";"62";"3:29:00";"101";"3:29:00";"2026-05-09T16:44:00.9700000";"";""
"128";"Johan Solo";"";"M";"SWE";"";"Stafett 75 km";"Män";"Stafett 75 km";"DNF";"00:00:00.000";"DNF";"1";"18";"";"68";"";"110";"";"";"";""
"68";"Partille Hemvärnsförening";"";"M";"SWE";"";"Stafett 75 km";"Män";"Stafett 75 km";"DNS";"00:00:00.000";"DNS";"1";"19";"";"74";"";"117";"";"";"";""
"785";"Madeleine";"Lundell";"F";"SWE";"";"Ultra 75 km";"Kvinnor";"Ultra 75 km";"7:13:56";"07:13:55.200";"7:13:56";"1";"1";"0:00";"1";"0:00";"6";"1:49:54";"2026-05-09T14:13:55.1900000";"";""
"777";"Camilla";"Bloss";"F";"SWE";"";"Ultra 75 km";"Kvinnor";"Ultra 75 km";"7:40:52";"07:40:51.400";"7:40:52";"1";"2";"26:56";"2";"26:56";"12";"2:16:50";"2026-05-09T14:40:51.3500000";"";""
"607";"Mervi";"Heiskanen";"F";"SWE";"";"Ultra 75 km";"Kvinnor";"Ultra 75 km";"8:10:31";"08:10:30.400";"8:10:31";"1";"3";"56:35";"3";"56:35";"21";"2:46:29";"2026-05-09T15:10:30.3300000";"";""
"592";"Emma";"Samuelsson";"F";"SWE";"";"Ultra 75 km";"Kvinnor";"Ultra 75 km";"8:10:49";"08:10:48.200";"8:10:49";"1";"4";"56:53";"4";"56:53";"22";"2:46:47";"2026-05-09T15:10:48.1200000";"";""
"659";"Annie";"Hammarling";"F";"SWE";"";"Ultra 75 km";"Kvinnor";"Ultra 75 km";"8:16:05";"08:16:04.600";"8:16:05";"1";"5";"1:02:09";"5";"1:02:09";"25";"2:52:03";"2026-05-09T15:16:04.5100000";"";""
"769";"Sofia";"Mattiasson";"F";"SWE";"";"Ultra 75 km";"Kvinnor";"Ultra 75 km";"8:29:07";"08:29:06.900";"8:29:07";"1";"6";"1:15:11";"6";"1:15:11";"30";"3:05:05";"2026-05-09T15:29:06.8400000";"";""
"753";"Sara";"Ohlin";"F";"SWE";"";"Ultra 75 km";"Kvinnor";"Ultra 75 km";"8:33:39";"08:33:38.400";"8:33:39";"1";"7";"1:19:43";"7";"1:19:43";"33";"3:09:37";"2026-05-09T15:33:38.3900000";"";""
"750";"Linda";"Tersing";"F";"SWE";"";"Ultra 75 km";"Kvinnor";"Ultra 75 km";"8:41:52";"08:41:52.000";"8:41:52";"1";"8";"1:27:57";"8";"1:27:57";"42";"3:17:51";"2026-05-09T15:41:52.0000000";"";""
"551";"Åsa";"Sundin";"F";"SWE";"";"Ultra 75 km";"Kvinnor";"Ultra 75 km";"8:50:38";"08:50:37.900";"8:50:38";"1";"9";"1:36:42";"9";"1:36:42";"44";"3:26:36";"2026-05-09T15:50:37.8700000";"";""
"619";"Karin";"Lundén";"F";"SWE";"";"Ultra 75 km";"Kvinnor";"Ultra 75 km";"8:57:25";"08:57:24.900";"8:57:25";"1";"10";"1:43:29";"10";"1:43:29";"48";"3:33:23";"2026-05-09T15:57:24.8500000";"";""
"783";"Cecilie";"Krogslund";"F";"DEN";"";"Ultra 75 km";"Kvinnor";"Ultra 75 km";"9:11:48";"09:11:47.100";"9:11:48";"1";"11";"1:57:52";"11";"1:57:52";"58";"3:47:46";"2026-05-09T16:11:47.1000000";"";""
"526";"Lova";"Åhbeck";"F";"SWE";"";"Ultra 75 km";"Kvinnor";"Ultra 75 km";"9:12:05";"09:12:04.600";"9:12:05";"1";"12";"1:58:09";"12";"1:58:09";"60";"3:48:03";"2026-05-09T16:12:04.5900000";"";""
"538";"Vilborg";"Palsdottir";"F";"SWE";"";"Ultra 75 km";"Kvinnor";"Ultra 75 km";"9:21:10";"09:21:09.400";"9:21:10";"1";"13";"2:07:14";"13";"2:07:14";"64";"3:57:08";"2026-05-09T16:21:09.3300000";"";""
"589";"Lisa";"Hammarling";"F";"SWE";"";"Ultra 75 km";"Kvinnor";"Ultra 75 km";"9:21:14";"09:21:13.200";"9:21:14";"1";"14";"2:07:18";"14";"2:07:18";"65";"3:57:12";"2026-05-09T16:21:13.1700000";"";""
"529";"Hanna";"Martinsson";"F";"SWE";"";"Ultra 75 km";"Kvinnor";"Ultra 75 km";"9:35:03";"09:35:02.800";"9:35:03";"1";"15";"2:21:07";"15";"2:21:07";"72";"4:11:01";"2026-05-09T16:35:02.7500000";"";""
"679";"Linnéa";"Bäckström";"F";"SWE";"";"Ultra 75 km";"Kvinnor";"Ultra 75 km";"9:35:48";"09:35:47.300";"9:35:48";"1";"16";"2:21:52";"16";"2:21:52";"74";"4:11:46";"2026-05-09T16:35:47.3000000";"";""
"734";"Angelica";"Fredin";"F";"SWE";"";"Ultra 75 km";"Kvinnor";"Ultra 75 km";"9:43:24";"09:43:23.400";"9:43:24";"1";"17";"2:29:28";"17";"2:29:28";"79";"4:19:22";"2026-05-09T16:43:23.3800000";"";""
"746";"Ulrika";"Nyström";"F";"SWE";"";"Ultra 75 km";"Kvinnor";"Ultra 75 km";"9:49:26";"09:49:25.200";"9:49:26";"1";"18";"2:35:30";"18";"2:35:30";"84";"4:25:24";"2026-05-09T16:49:25.1700000";"";""
"573";"Christina";"Täck";"F";"SWE";"";"Ultra 75 km";"Kvinnor";"Ultra 75 km";"9:52:54";"09:52:53.500";"9:52:54";"1";"19";"2:38:58";"19";"2:38:58";"88";"4:28:52";"2026-05-09T16:52:53.4600000";"";""
"635";"Lisa";"Höglund";"F";"SWE";"";"Ultra 75 km";"Kvinnor";"Ultra 75 km";"10:01:39";"10:01:38.700";"10:01:39";"1";"20";"2:47:43";"20";"2:47:43";"98";"4:37:37";"2026-05-09T17:01:38.6500000";"";""
"600";"Anna";"Sturk";"F";"SWE";"";"Ultra 75 km";"Kvinnor";"Ultra 75 km";"10:20:18";"10:20:17.100";"10:20:18";"1";"21";"3:06:22";"21";"3:06:22";"117";"4:56:16";"2026-05-09T17:20:17.0100000";"";""
"513";"Marina";"Becher";"F";"SWE";"";"Ultra 75 km";"Kvinnor";"Ultra 75 km";"10:25:45";"10:25:44.300";"10:25:45";"1";"22";"3:11:49";"22";"3:11:49";"123";"5:01:43";"2026-05-09T17:25:44.2800000";"";""
"549";"Jennifer";"Ekholm";"F";"SWE";"";"Ultra 75 km";"Kvinnor";"Ultra 75 km";"10:33:45";"10:33:44.700";"10:33:45";"1";"23";"3:19:49";"23";"3:19:49";"133";"5:09:43";"2026-05-09T17:33:44.6400000";"";""
"735";"Linda";"Ivansson";"F";"SWE";"";"Ultra 75 km";"Kvinnor";"Ultra 75 km";"10:33:56";"10:33:56.000";"10:33:56";"1";"24";"3:20:01";"24";"3:20:01";"136";"5:09:55";"2026-05-09T17:33:55.9600000";"";""
"583";"Maria";"Kahlmeter";"F";"SWE";"";"Ultra 75 km";"Kvinnor";"Ultra 75 km";"10:35:07";"10:35:06.100";"10:35:07";"1";"25";"3:21:11";"25";"3:21:11";"137";"5:11:05";"2026-05-09T17:35:06.0700000";"";""
"701";"Kajsa";"Johansson";"F";"SWE";"";"Ultra 75 km";"Kvinnor";"Ultra 75 km";"10:36:33";"10:36:32.600";"10:36:33";"1";"26";"3:22:37";"26";"3:22:37";"139";"5:12:31";"2026-05-09T17:36:32.6000000";"";""
"676";"Gunilla";"Kidmark";"F";"SWE";"";"Ultra 75 km";"Kvinnor";"Ultra 75 km";"10:42:35";"10:42:34.600";"10:42:35";"1";"27";"3:28:39";"27";"3:28:39";"142";"5:18:33";"2026-05-09T17:42:34.5400000";"";""
"560";"Rosie";"Selgerudh";"F";"SWE";"";"Ultra 75 km";"Kvinnor";"Ultra 75 km";"10:50:55";"10:50:54.300";"10:50:55";"1";"28";"3:36:59";"28";"3:36:59";"149";"5:26:53";"2026-05-09T17:50:54.2400000";"";""
"531";"Eliska";"Omara";"F";"SVK";"";"Ultra 75 km";"Kvinnor";"Ultra 75 km";"10:50:55";"10:50:54.900";"10:50:55";"1";"29";"3:36:59";"29";"3:36:59";"150";"5:26:53";"2026-05-09T17:50:54.8600000";"";""
"720";"Ida";"Edvinsson";"F";"SWE";"";"Ultra 75 km";"Kvinnor";"Ultra 75 km";"10:56:34";"10:56:33.300";"10:56:34";"1";"30";"3:42:38";"30";"3:42:38";"155";"5:32:32";"2026-05-09T17:56:33.3000000";"";""
"615";"Sofia";"Kay";"F";"SWE";"";"Ultra 75 km";"Kvinnor";"Ultra 75 km";"11:01:20";"11:01:19.700";"11:01:20";"1";"31";"3:47:24";"31";"3:47:24";"157";"5:37:18";"2026-05-09T18:01:19.6300000";"";""
"710";"Julie";"Colin";"F";"SWE";"";"Ultra 75 km";"Kvinnor";"Ultra 75 km";"11:08:02";"11:08:01.800";"11:08:02";"1";"32";"3:54:06";"32";"3:54:06";"160";"5:44:00";"2026-05-09T18:08:01.7900000";"";""
"648";"Gisela";"Glaffey";"F";"SWE";"";"Ultra 75 km";"Kvinnor";"Ultra 75 km";"11:08:50";"11:08:49.900";"11:08:50";"1";"33";"3:54:54";"33";"3:54:54";"161";"5:44:48";"2026-05-09T18:08:49.8400000";"";""
"768";"Louise";"Olow";"F";"SWE";"";"Ultra 75 km";"Kvinnor";"Ultra 75 km";"11:18:41";"11:18:40.900";"11:18:41";"1";"34";"4:04:45";"34";"4:04:45";"170";"5:54:39";"2026-05-09T18:18:40.8700000";"";""
"602";"Alida";"Gustafsson";"F";"SWE";"";"Ultra 75 km";"Kvinnor";"Ultra 75 km";"11:28:03";"11:28:02.900";"11:28:03";"1";"35";"4:14:07";"35";"4:14:07";"175";"6:04:01";"2026-05-09T18:28:02.8700000";"";""
"716";"Lisa";"Wiklund";"F";"SWE";"";"Ultra 75 km";"Kvinnor";"Ultra 75 km";"11:28:46";"11:28:46.000";"11:28:46";"1";"36";"4:14:51";"36";"4:14:51";"176";"6:04:45";"2026-05-09T18:28:45.9500000";"";""
"510";"Elin";"Rosenberg Elebring";"F";"SWE";"";"Ultra 75 km";"Kvinnor";"Ultra 75 km";"11:31:02";"11:31:01.800";"11:31:02";"1";"37";"4:17:06";"37";"4:17:06";"178";"6:07:00";"2026-05-09T18:31:01.7800000";"";""
"618";"Marie";"Edvardsson";"F";"SWE";"";"Ultra 75 km";"Kvinnor";"Ultra 75 km";"11:33:40";"11:33:39.600";"11:33:40";"1";"38";"4:19:44";"38";"4:19:44";"180";"6:09:38";"2026-05-09T18:33:39.6000000";"";""
"503";"Sara";"Jorlöv";"F";"SWE";"";"Ultra 75 km";"Kvinnor";"Ultra 75 km";"11:56:23";"11:56:22.900";"11:56:23";"1";"39";"4:42:27";"39";"4:42:27";"188";"6:32:21";"2026-05-09T18:56:22.8600000";"";""
"504";"Marielle";"Lundvall";"F";"SWE";"";"Ultra 75 km";"Kvinnor";"Ultra 75 km";"12:23:20";"12:23:19.700";"12:23:20";"1";"40";"5:09:24";"40";"5:09:24";"197";"6:59:18";"2026-05-09T19:23:19.7000000";"";""
"616";"Lisa";"Levin";"F";"SWE";"";"Ultra 75 km";"Kvinnor";"Ultra 75 km";"12:30:09";"12:30:08.200";"12:30:09";"1";"41";"5:16:13";"41";"5:16:13";"198";"7:06:07";"2026-05-09T19:30:08.2000000";"";""
"708";"Fia";"Eriksson";"F";"SWE";"";"Ultra 75 km";"Kvinnor";"Ultra 75 km";"12:44:33";"12:44:32.900";"12:44:33";"1";"42";"5:30:37";"42";"5:30:37";"204";"7:20:31";"2026-05-09T19:44:32.8200000";"";""
"599";"Nele";"Krüger";"F";"SWE";"";"Ultra 75 km";"Kvinnor";"Ultra 75 km";"DNF";"06:42:52.200";"DNF";"1";"43";"";"43";"";"212";"";"";"";""
"559";"Charlotte";"Lundin";"F";"SWE";"";"Ultra 75 km";"Kvinnor";"Ultra 75 km";"DNF";"00:00:00.000";"DNF";"1";"44";"";"44";"";"213";"";"";"";""
"751";"Amanda";"Nordin";"F";"SWE";"";"Ultra 75 km";"Kvinnor";"Ultra 75 km";"DNF";"00:00:00.000";"DNF";"1";"45";"";"45";"";"215";"";"";"";""
"517";"Catarina";"Olvenmark";"F";"SWE";"";"Ultra 75 km";"Kvinnor";"Ultra 75 km";"DNF";"00:00:00.000";"DNF";"1";"46";"";"46";"";"216";"";"";"";""
"505";"Frida";"Söderberg";"F";"SWE";"";"Ultra 75 km";"Kvinnor";"Ultra 75 km";"DNF";"00:00:00.000";"DNF";"1";"47";"";"47";"";"218";"";"";"";""
"601";"Stina";"Thorén";"F";"SWE";"";"Ultra 75 km";"Kvinnor";"Ultra 75 km";"DNF";"00:00:00.000";"DNF";"1";"48";"";"48";"";"219";"";"";"";""
"739";"Emelie";"Ander";"F";"SWE";"";"Ultra 75 km";"Kvinnor";"Ultra 75 km";"DNS";"00:00:00.000";"DNS";"1";"49";"";"49";"";"222";"";"";"";""
"523";"Christina";"Åqvist";"F";"SWE";"";"Ultra 75 km";"Kvinnor";"Ultra 75 km";"DNS";"00:00:00.000";"DNS";"1";"50";"";"50";"";"224";"";"";"";""
"667";"Isabel";"Gillblad";"F";"SWE";"";"Ultra 75 km";"Kvinnor";"Ultra 75 km";"DNS";"00:00:00.000";"DNS";"1";"51";"";"51";"";"235";"";"";"";""
"719";"Kamila";"Ivashchenko";"F";"SWE";"";"Ultra 75 km";"Kvinnor";"Ultra 75 km";"DNS";"00:00:00.000";"DNS";"1";"52";"";"52";"";"239";"";"";"";""
"666";"Linda";"Karlsson";"F";"SWE";"";"Ultra 75 km";"Kvinnor";"Ultra 75 km";"DNS";"00:00:00.000";"DNS";"1";"53";"";"53";"";"242";"";"";"";""
"782";"Johanna";"Kloepsch";"F";"GER";"";"Ultra 75 km";"Kvinnor";"Ultra 75 km";"DNS";"12:10:58.600";"DNS";"1";"54";"";"54";"";"245";"";"";"";""
"727";"Marie";"Lind";"F";"SWE";"";"Ultra 75 km";"Kvinnor";"Ultra 75 km";"DNS";"00:00:00.000";"DNS";"1";"55";"";"55";"";"250";"";"";"";""
"578";"Ann-Kristin";"Mathiesen";"F";"NOR";"";"Ultra 75 km";"Kvinnor";"Ultra 75 km";"DNS";"00:00:00.000";"DNS";"1";"56";"";"56";"";"255";"";"";"";""
"709";"Ida";"Mörkeberg";"F";"SWE";"";"Ultra 75 km";"Kvinnor";"Ultra 75 km";"DNS";"00:00:00.000";"DNS";"1";"57";"";"57";"";"256";"";"";"";""
"675";"Åsa";"Nyholm";"F";"SWE";"";"Ultra 75 km";"Kvinnor";"Ultra 75 km";"DNS";"00:00:00.000";"DNS";"1";"58";"";"58";"";"258";"";"";"";""
"761";"Susanna";"Riman";"F";"SWE";"";"Ultra 75 km";"Kvinnor";"Ultra 75 km";"DNS";"00:00:00.000";"DNS";"1";"59";"";"59";"";"264";"";"";"";""
"626";"Katja";"Saari";"F";"SWE";"";"Ultra 75 km";"Kvinnor";"Ultra 75 km";"DNS";"00:00:00.000";"DNS";"1";"60";"";"60";"";"265";"";"";"";""
"507";"Julia";"Svennblad";"F";"SWE";"";"Ultra 75 km";"Kvinnor";"Ultra 75 km";"DNS";"00:00:00.000";"DNS";"1";"61";"";"61";"";"269";"";"";"";""
"717";"Anton";"Gustafsson";"M";"SWE";"";"Ultra 75 km";"Män";"Ultra 75 km";"5:24:02";"05:24:01.400";"5:24:02";"1";"1";"0:00";"1";"0:00";"1";"0:00";"2026-05-09T12:24:01.3300000";"";""
"610";"Anton";"Aro";"M";"FIN";"";"Ultra 75 km";"Män";"Ultra 75 km";"6:00:10";"06:00:09.500";"6:00:10";"1";"2";"36:08";"2";"36:08";"2";"36:08";"2026-05-09T13:00:09.4900000";"";""
"641";"Daniel";"Branholm";"M";"SWE";"";"Ultra 75 km";"Män";"Ultra 75 km";"6:20:34";"06:20:33.300";"6:20:34";"1";"3";"56:32";"3";"56:32";"3";"56:32";"2026-05-09T13:20:33.2400000";"";""
"561";"Vidar";"Skaar";"M";"NOR";"";"Ultra 75 km";"Män";"Ultra 75 km";"6:56:04";"06:56:04.000";"6:56:04";"1";"4";"1:32:03";"4";"1:32:03";"4";"1:32:03";"2026-05-09T13:56:03.9400000";"";""
"712";"Karl";"Trygg";"M";"SWE";"";"Ultra 75 km";"Män";"Ultra 75 km";"7:13:56";"07:13:55.100";"7:13:56";"1";"5";"1:49:54";"5";"1:49:54";"5";"1:49:54";"2026-05-09T14:13:55.0800000";"";""
"647";"Adam";"Bengtsson";"M";"SWE";"";"Ultra 75 km";"Män";"Ultra 75 km";"7:20:04";"07:20:03.700";"7:20:04";"1";"6";"1:56:02";"6";"1:56:02";"7";"1:56:02";"2026-05-09T14:20:03.6300000";"";""
"757";"Emil";"Svendsen";"M";"SWE";"";"Ultra 75 km";"Män";"Ultra 75 km";"7:21:24";"07:21:23.300";"7:21:24";"1";"7";"1:57:22";"7";"1:57:22";"8";"1:57:22";"2026-05-09T14:21:23.2800000";"";""
"568";"Tobias";"Hallberg";"M";"SWE";"";"Ultra 75 km";"Män";"Ultra 75 km";"7:25:44";"07:25:43.200";"7:25:44";"1";"8";"2:01:42";"8";"2:01:42";"9";"2:01:42";"2026-05-09T14:25:43.1100000";"";""
"512";"Oskar";"Fridell";"M";"SWE";"";"Ultra 75 km";"Män";"Ultra 75 km";"7:29:33";"07:29:32.100";"7:29:33";"1";"9";"2:05:31";"9";"2:05:31";"10";"2:05:31";"2026-05-09T14:29:32.1000000";"";""
"773";"Henrik";"Larsvik";"M";"SWE";"";"Ultra 75 km";"Män";"Ultra 75 km";"7:37:28";"07:37:27.100";"7:37:28";"1";"10";"2:13:26";"10";"2:13:26";"11";"2:13:26";"2026-05-09T14:37:27.0700000";"";""
"784";"Viktor";"Thun";"M";"SWE";"";"Ultra 75 km";"Män";"Ultra 75 km";"7:42:57";"07:42:56.900";"7:42:57";"1";"11";"2:18:55";"11";"2:18:55";"13";"2:18:55";"2026-05-09T14:42:56.8600000";"";""
"528";"Sebastian";"Axell";"M";"SWE";"";"Ultra 75 km";"Män";"Ultra 75 km";"7:44:06";"07:44:05.100";"7:44:06";"1";"12";"2:20:04";"12";"2:20:04";"14";"2:20:04";"2026-05-09T14:44:05.0700000";"";""
"645";"Erik";"Müllers";"M";"SWE";"";"Ultra 75 km";"Män";"Ultra 75 km";"7:47:32";"07:47:31.100";"7:47:32";"1";"13";"2:23:30";"13";"2:23:30";"15";"2:23:30";"2026-05-09T14:47:31.0300000";"";""
"581";"Matthew";"Stiller";"M";"GBR";"";"Ultra 75 km";"Män";"Ultra 75 km";"7:49:50";"07:49:49.900";"7:49:50";"1";"14";"2:25:48";"14";"2:25:48";"16";"2:25:48";"2026-05-09T14:49:49.8600000";"";""
"759";"Anders";"Hallgren";"M";"SWE";"";"Ultra 75 km";"Män";"Ultra 75 km";"8:06:57";"08:06:56.500";"8:06:57";"1";"15";"2:42:55";"15";"2:42:55";"17";"2:42:55";"2026-05-09T15:06:56.4700000";"";""
"509";"Björn";"Johannesson";"M";"SWE";"";"Ultra 75 km";"Män";"Ultra 75 km";"8:07:42";"08:07:41.900";"8:07:42";"1";"16";"2:43:40";"16";"2:43:40";"18";"2:43:40";"2026-05-09T15:07:41.8300000";"";""
"694";"Dimitri";"Montagne";"M";"SWE";"";"Ultra 75 km";"Män";"Ultra 75 km";"8:08:26";"08:08:25.500";"8:08:26";"1";"17";"2:44:24";"17";"2:44:24";"19";"2:44:24";"2026-05-09T15:08:25.4900000";"";""
"596";"Julius";"Hansen";"M";"GER";"";"Ultra 75 km";"Män";"Ultra 75 km";"8:08:53";"08:08:52.900";"8:08:53";"1";"18";"2:44:51";"18";"2:44:51";"20";"2:44:51";"2026-05-09T15:08:52.8700000";"";""
"737";"Patric";"Engström";"M";"SWE";"";"Ultra 75 km";"Män";"Ultra 75 km";"8:12:28";"08:12:27.500";"8:12:28";"1";"19";"2:48:26";"19";"2:48:26";"23";"2:48:26";"2026-05-09T15:12:27.4700000";"";""
"629";"Johan";"Dahlgren";"M";"SWE";"";"Ultra 75 km";"Män";"Ultra 75 km";"8:15:27";"08:15:26.900";"8:15:27";"1";"20";"2:51:25";"20";"2:51:25";"24";"2:51:25";"2026-05-09T15:15:26.8600000";"";""
"622";"Björn";"Dahlgren";"M";"SWE";"";"Ultra 75 km";"Män";"Ultra 75 km";"8:21:45";"08:21:44.600";"8:21:45";"1";"21";"2:57:43";"21";"2:57:43";"26";"2:57:43";"2026-05-09T15:21:44.5600000";"";""
"711";"Simon";"Hammarstedt";"M";"SWE";"";"Ultra 75 km";"Män";"Ultra 75 km";"8:22:48";"08:22:48.000";"8:22:48";"1";"22";"2:58:47";"22";"2:58:47";"27";"2:58:47";"2026-05-09T15:22:47.9900000";"";""
"658";"Martin";"Ahlén";"M";"SWE";"";"Ultra 75 km";"Män";"Ultra 75 km";"8:27:22";"08:27:21.800";"8:27:22";"1";"23";"3:03:20";"23";"3:03:20";"28";"3:03:20";"2026-05-09T15:27:21.7700000";"";""
"577";"Morten";"Gilje";"M";"NOR";"";"Ultra 75 km";"Män";"Ultra 75 km";"8:27:41";"08:27:40.900";"8:27:41";"1";"24";"3:03:39";"24";"3:03:39";"29";"3:03:39";"2026-05-09T15:27:40.8800000";"";""
"571";"Jesper";"Boberg";"M";"SWE";"";"Ultra 75 km";"Män";"Ultra 75 km";"8:30:05";"08:30:04.700";"8:30:05";"1";"25";"3:06:03";"25";"3:06:03";"31";"3:06:03";"2026-05-09T15:30:04.6500000";"";""
"564";"Viktor";"Tyrberg";"M";"SWE";"";"Ultra 75 km";"Män";"Ultra 75 km";"8:33:23";"08:33:22.600";"8:33:23";"1";"26";"3:09:21";"26";"3:09:21";"32";"3:09:21";"2026-05-09T15:33:22.5300000";"";""
"745";"Daniel";"Eliasson";"M";"SWE";"";"Ultra 75 km";"Män";"Ultra 75 km";"8:34:02";"08:34:01.700";"8:34:02";"1";"27";"3:10:00";"27";"3:10:00";"34";"3:10:00";"2026-05-09T15:34:01.6200000";"";""
"590";"Lukas";"Strand Ragnhage";"M";"SWE";"";"Ultra 75 km";"Män";"Ultra 75 km";"8:35:02";"08:35:01.700";"8:35:02";"1";"28";"3:11:00";"28";"3:11:00";"35";"3:11:00";"2026-05-09T15:35:01.6200000";"";""
"690";"Hampus";"Fredlund";"M";"SWE";"";"Ultra 75 km";"Män";"Ultra 75 km";"8:36:22";"08:36:21.900";"8:36:22";"1";"29";"3:12:20";"29";"3:12:20";"36";"3:12:20";"2026-05-09T15:36:21.8700000";"";""
"646";"Marcin";"Janiszewski";"M";"SWE";"";"Ultra 75 km";"Män";"Ultra 75 km";"8:36:53";"08:36:52.100";"8:36:53";"1";"30";"3:12:51";"30";"3:12:51";"37";"3:12:51";"2026-05-09T15:36:52.0200000";"";""
"778";"Per";"Bleckberg";"M";"SWE";"";"Ultra 75 km";"Män";"Ultra 75 km";"8:37:20";"08:37:19.300";"8:37:20";"1";"31";"3:13:18";"31";"3:13:18";"38";"3:13:18";"2026-05-09T15:37:19.2800000";"";""
"736";"Kristian";"Hermander";"M";"SWE";"";"Ultra 75 km";"Män";"Ultra 75 km";"8:38:35";"08:38:34.100";"8:38:35";"1";"32";"3:14:33";"32";"3:14:33";"39";"3:14:33";"2026-05-09T15:38:34.0900000";"";""
"594";"Simon";"Lindau";"M";"SWE";"";"Ultra 75 km";"Män";"Ultra 75 km";"8:39:19";"08:39:18.900";"8:39:19";"1";"33";"3:15:17";"33";"3:15:17";"40";"3:15:17";"2026-05-09T15:39:18.8400000";"";""
"680";"Mattias";"Edlund";"M";"SWE";"";"Ultra 75 km";"Män";"Ultra 75 km";"8:39:57";"08:39:56.800";"8:39:57";"1";"34";"3:15:55";"34";"3:15:55";"41";"3:15:55";"2026-05-09T15:39:56.7300000";"";""
"664";"Felix";"Gnerlich";"M";"GER";"";"Ultra 75 km";"Män";"Ultra 75 km";"8:44:11";"08:44:10.900";"8:44:11";"1";"35";"3:20:09";"35";"3:20:09";"43";"3:20:09";"2026-05-09T15:44:10.8500000";"";""
"744";"Sa?A";"Petrli?";"M";"CRO";"";"Ultra 75 km";"Män";"Ultra 75 km";"8:51:34";"08:51:33.700";"8:51:34";"1";"36";"3:27:32";"36";"3:27:32";"45";"3:27:32";"2026-05-09T15:51:33.6600000";"";""
"722";"David";"Klingberg";"M";"SWE";"";"Ultra 75 km";"Män";"Ultra 75 km";"8:55:15";"08:55:14.700";"8:55:15";"1";"37";"3:31:13";"37";"3:31:13";"46";"3:31:13";"2026-05-09T15:55:14.6200000";"";""
"682";"Thomas";"Stordalen";"M";"NOR";"";"Ultra 75 km";"Män";"Ultra 75 km";"8:55:36";"08:55:35.500";"8:55:36";"1";"38";"3:31:34";"38";"3:31:34";"47";"3:31:34";"2026-05-09T15:55:35.4200000";"";""
"693";"Per";"Junfors";"M";"SWE";"";"Ultra 75 km";"Män";"Ultra 75 km";"8:58:06";"08:58:05.500";"8:58:06";"1";"39";"3:34:04";"39";"3:34:04";"49";"3:34:04";"2026-05-09T15:58:05.4400000";"";""
"542";"Andreas";"Tunemar";"M";"SWE";"";"Ultra 75 km";"Män";"Ultra 75 km";"9:03:00";"09:02:59.300";"9:03:00";"1";"40";"3:38:58";"40";"3:38:58";"50";"3:38:58";"2026-05-09T16:02:59.2600000";"";""
"649";"Andreas";"Dahlgren";"M";"SWE";"";"Ultra 75 km";"Män";"Ultra 75 km";"9:04:25";"09:04:24.200";"9:04:25";"1";"41";"3:40:23";"41";"3:40:23";"51";"3:40:23";"2026-05-09T16:04:24.1900000";"";""
"520";"Anton";"Otbäck";"M";"SWE";"";"Ultra 75 km";"Män";"Ultra 75 km";"9:04:25";"09:04:24.600";"9:04:25";"1";"42";"3:40:23";"42";"3:40:23";"52";"3:40:23";"2026-05-09T16:04:24.5400000";"";""
"683";"Peter";"Thorvaldsson";"M";"SWE";"";"Ultra 75 km";"Män";"Ultra 75 km";"9:04:32";"09:04:31.900";"9:04:32";"1";"43";"3:40:30";"43";"3:40:30";"53";"3:40:30";"2026-05-09T16:04:31.8600000";"";""
"762";"Jonas";"Svensson";"M";"SWE";"";"Ultra 75 km";"Män";"Ultra 75 km";"9:04:57";"09:04:57.000";"9:04:57";"1";"44";"3:40:56";"44";"3:40:56";"54";"3:40:56";"2026-05-09T16:04:56.9600000";"";""
"614";"Martin";"Fridh";"M";"SWE";"";"Ultra 75 km";"Män";"Ultra 75 km";"9:05:00";"09:04:59.500";"9:05:00";"1";"45";"3:40:58";"45";"3:40:58";"55";"3:40:58";"2026-05-09T16:04:59.4800000";"";""
"562";"Håkan";"Nisula";"M";"SWE";"";"Ultra 75 km";"Män";"Ultra 75 km";"9:08:24";"09:08:24.000";"9:08:24";"1";"46";"3:44:23";"46";"3:44:23";"56";"3:44:23";"2026-05-09T16:08:23.9800000";"";""
"660";"Martin";"Sörberg";"M";"SWE";"";"Ultra 75 km";"Män";"Ultra 75 km";"9:10:58";"09:10:57.500";"9:10:58";"1";"47";"3:46:56";"47";"3:46:56";"57";"3:46:56";"2026-05-09T16:10:57.4200000";"";""
"586";"Samuel";"Lindblom";"M";"SWE";"";"Ultra 75 km";"Män";"Ultra 75 km";"9:11:53";"09:11:52.100";"9:11:53";"1";"48";"3:47:51";"48";"3:47:51";"59";"3:47:51";"2026-05-09T16:11:52.0500000";"";""
"502";"Johan";"Rodin";"M";"SWE";"";"Ultra 75 km";"Män";"Ultra 75 km";"9:14:08";"09:14:07.500";"9:14:08";"1";"49";"3:50:06";"49";"3:50:06";"61";"3:50:06";"2026-05-09T16:14:07.4800000";"";""
"702";"Erik";"Kristiansson";"M";"SWE";"";"Ultra 75 km";"Män";"Ultra 75 km";"9:18:58";"09:18:57.600";"9:18:58";"1";"50";"3:54:56";"50";"3:54:56";"62";"3:54:56";"2026-05-09T16:18:57.5300000";"";""
"730";"William";"Molin";"M";"SWE";"";"Ultra 75 km";"Män";"Ultra 75 km";"9:19:59";"09:19:58.800";"9:19:59";"1";"51";"3:55:57";"51";"3:55:57";"63";"3:55:57";"2026-05-09T16:19:58.8000000";"";""
"714";"Alexandre";"Antonelli";"M";"SWE";"";"Ultra 75 km";"Män";"Ultra 75 km";"9:22:47";"09:22:46.200";"9:22:47";"1";"52";"3:58:45";"52";"3:58:45";"66";"3:58:45";"2026-05-09T16:22:46.1400000";"";""
"656";"Emil";"Wingate";"M";"SWE";"";"Ultra 75 km";"Män";"Ultra 75 km";"9:24:03";"09:24:02.200";"9:24:03";"1";"53";"4:00:01";"53";"4:00:01";"67";"4:00:01";"2026-05-09T16:24:02.2000000";"";""
"670";"Stefan";"Bengtsson";"M";"SWE";"";"Ultra 75 km";"Män";"Ultra 75 km";"9:24:29";"09:24:28.100";"9:24:29";"1";"54";"4:00:27";"54";"4:00:27";"68";"4:00:27";"2026-05-09T16:24:28.0700000";"";""
"747";"Joakim.";"Lindström";"M";"SWE";"";"Ultra 75 km";"Män";"Ultra 75 km";"9:25:33";"09:25:32.800";"9:25:33";"1";"55";"4:01:31";"55";"4:01:31";"69";"4:01:31";"2026-05-09T16:25:32.7400000";"";""
"779";"Hans";"Börjesson";"M";"SWE";"";"Ultra 75 km";"Män";"Ultra 75 km";"9:29:06";"09:29:05.800";"9:29:06";"1";"56";"4:05:04";"56";"4:05:04";"70";"4:05:04";"2026-05-09T16:29:05.7300000";"";""
"770";"Michael";"Stiller";"M";"GBR";"";"Ultra 75 km";"Män";"Ultra 75 km";"9:34:45";"09:34:44.600";"9:34:45";"1";"57";"4:10:43";"57";"4:10:43";"71";"4:10:43";"2026-05-09T16:34:44.6000000";"";""
"633";"Daniel";"Gillberg";"M";"SWE";"";"Ultra 75 km";"Män";"Ultra 75 km";"9:35:03";"09:35:02.900";"9:35:03";"1";"58";"4:11:01";"58";"4:11:01";"73";"4:11:01";"2026-05-09T16:35:02.9000000";"";""
"548";"Gabriel";"Gustynski";"M";"SWE";"";"Ultra 75 km";"Män";"Ultra 75 km";"9:38:23";"09:38:22.600";"9:38:23";"1";"59";"4:14:21";"59";"4:14:21";"75";"4:14:21";"2026-05-09T16:38:22.5300000";"";""
"707";"Emanuel";"Olsson";"M";"SWE";"";"Ultra 75 km";"Män";"Ultra 75 km";"9:40:56";"09:40:55.100";"9:40:56";"1";"60";"4:16:54";"60";"4:16:54";"76";"4:16:54";"2026-05-09T16:40:55.1000000";"";""
"609";"Simon";"Arvidsson";"M";"SWE";"";"Ultra 75 km";"Män";"Ultra 75 km";"9:42:47";"09:42:47.000";"9:42:47";"1";"61";"4:18:46";"61";"4:18:46";"77";"4:18:46";"2026-05-09T16:42:47.0000000";"";""
"527";"Viktor";"Thell";"M";"SWE";"";"Ultra 75 km";"Män";"Ultra 75 km";"9:42:48";"09:42:47.200";"9:42:48";"1";"62";"4:18:46";"62";"4:18:46";"78";"4:18:46";"2026-05-09T16:42:47.1900000";"";""
"534";"Jan";"Mogren";"M";"SWE";"";"Ultra 75 km";"Män";"Ultra 75 km";"9:44:38";"09:44:37.900";"9:44:38";"1";"63";"4:20:36";"63";"4:20:36";"80";"4:20:36";"2026-05-09T16:44:37.8100000";"";""
"713";"Marcus";"Hultin";"M";"SWE";"";"Ultra 75 km";"Män";"Ultra 75 km";"9:44:38";"09:44:38.000";"9:44:38";"1";"64";"4:20:37";"64";"4:20:37";"81";"4:20:37";"2026-05-09T16:44:37.9900000";"";""
"545";"Gunnar";"Wärnfeldt";"M";"SWE";"";"Ultra 75 km";"Män";"Ultra 75 km";"9:45:00";"09:44:59.800";"9:45:00";"1";"65";"4:20:58";"65";"4:20:58";"82";"4:20:58";"2026-05-09T16:44:59.8000000";"";""
"732";"Robin";"Wiberg";"M";"SWE";"";"Ultra 75 km";"Män";"Ultra 75 km";"9:48:21";"09:48:20.500";"9:48:21";"1";"66";"4:24:19";"66";"4:24:19";"83";"4:24:19";"2026-05-09T16:48:20.4500000";"";""
"532";"Niklas";"Björkman";"M";"SWE";"";"Ultra 75 km";"Män";"Ultra 75 km";"9:51:07";"09:51:06.400";"9:51:07";"1";"67";"4:27:05";"67";"4:27:05";"85";"4:27:05";"2026-05-09T16:51:06.3500000";"";""
"563";"Erik";"Andreasson";"M";"SWE";"";"Ultra 75 km";"Män";"Ultra 75 km";"9:51:07";"09:51:06.900";"9:51:07";"1";"68";"4:27:05";"68";"4:27:05";"86";"4:27:05";"2026-05-09T16:51:06.8600000";"";""
"775";"Ludwig";"Schadewitz";"M";"SWE";"";"Ultra 75 km";"Män";"Ultra 75 km";"9:51:20";"09:51:19.400";"9:51:20";"1";"69";"4:27:18";"69";"4:27:18";"87";"4:27:18";"2026-05-09T16:51:19.3800000";"";""
"760";"Simon";"Gustafson";"M";"SWE";"";"Ultra 75 km";"Män";"Ultra 75 km";"9:52:55";"09:52:54.100";"9:52:55";"1";"70";"4:28:53";"70";"4:28:53";"89";"4:28:53";"2026-05-09T16:52:54.0200000";"";""
"540";"Jonas";"Udéhn";"M";"SWE";"";"Ultra 75 km";"Män";"Ultra 75 km";"9:52:59";"09:52:58.900";"9:52:59";"1";"71";"4:28:57";"71";"4:28:57";"90";"4:28:57";"2026-05-09T16:52:58.8800000";"";""
"692";"Fredrik";"Arrhenius";"M";"SWE";"";"Ultra 75 km";"Män";"Ultra 75 km";"9:53:13";"09:53:13.000";"9:53:13";"1";"72";"4:29:12";"72";"4:29:12";"91";"4:29:12";"2026-05-09T16:53:12.9900000";"";""
"612";"Jacob";"Flemming Yildirim Rasmussen";"M";"DEN";"";"Ultra 75 km";"Män";"Ultra 75 km";"9:55:28";"09:55:27.800";"9:55:28";"1";"73";"4:31:26";"73";"4:31:26";"92";"4:31:26";"2026-05-09T16:55:27.7100000";"";""
"511";"Anders";"Lindgren";"M";"SWE";"";"Ultra 75 km";"Män";"Ultra 75 km";"9:55:42";"09:55:41.900";"9:55:42";"1";"74";"4:31:40";"74";"4:31:40";"93";"4:31:40";"2026-05-09T16:55:41.8400000";"";""
"565";"Pontus";"Pettersson-Gull";"M";"SWE";"";"Ultra 75 km";"Män";"Ultra 75 km";"9:56:33";"09:56:32.900";"9:56:33";"1";"75";"4:32:31";"75";"4:32:31";"94";"4:32:31";"2026-05-09T16:56:32.8800000";"";""
"627";"Marcus";"Ingvarsson";"M";"SWE";"";"Ultra 75 km";"Män";"Ultra 75 km";"9:56:53";"09:56:53.000";"9:56:53";"1";"76";"4:32:52";"76";"4:32:52";"95";"4:32:52";"2026-05-09T16:56:52.9900000";"";""
"781";"Henrik";"Lundqvist";"M";"SWE";"";"Ultra 75 km";"Män";"Ultra 75 km";"9:58:18";"09:58:17.900";"9:58:18";"1";"77";"4:34:16";"77";"4:34:16";"96";"4:34:16";"2026-05-09T16:58:17.8700000";"";""
"625";"William";"Stridsberg";"M";"SWE";"";"Ultra 75 km";"Män";"Ultra 75 km";"9:59:47";"09:59:46.600";"9:59:47";"1";"78";"4:35:45";"78";"4:35:45";"97";"4:35:45";"2026-05-09T16:59:46.5100000";"";""
"766";"Mikael";"Hysen";"M";"SWE";"";"Ultra 75 km";"Män";"Ultra 75 km";"10:04:10";"10:04:09.900";"10:04:10";"1";"79";"4:40:08";"79";"4:40:08";"99";"4:40:08";"2026-05-09T17:04:09.8600000";"";""
"705";"Lukas";"Thorbjørnsrud";"M";"NOR";"";"Ultra 75 km";"Män";"Ultra 75 km";"10:04:55";"10:04:54.600";"10:04:55";"1";"80";"4:40:53";"80";"4:40:53";"100";"4:40:53";"2026-05-09T17:04:54.5700000";"";""
"643";"Håkan";"Broström";"M";"SWE";"";"Ultra 75 km";"Män";"Ultra 75 km";"10:06:12";"10:06:11.900";"10:06:12";"1";"81";"4:42:10";"81";"4:42:10";"101";"4:42:10";"2026-05-09T17:06:11.8700000";"";""
"687";"Christian";"Berlin";"M";"SWE";"";"Ultra 75 km";"Män";"Ultra 75 km";"10:07:53";"10:07:52.900";"10:07:53";"1";"82";"4:43:51";"82";"4:43:51";"102";"4:43:51";"2026-05-09T17:07:52.8700000";"";""
"718";"Kristian";"Wollersjö";"M";"SWE";"";"Ultra 75 km";"Män";"Ultra 75 km";"10:08:09";"10:08:08.800";"10:08:09";"1";"83";"4:44:07";"83";"4:44:07";"103";"4:44:07";"2026-05-09T17:08:08.7300000";"";""
"579";"Robert";"Boldt";"M";"USA";"";"Ultra 75 km";"Män";"Ultra 75 km";"10:08:32";"10:08:31.500";"10:08:32";"1";"84";"4:44:30";"84";"4:44:30";"104";"4:44:30";"2026-05-09T17:08:31.4100000";"";""
"755";"Felix";"Karls";"M";"SWE";"";"Ultra 75 km";"Män";"Ultra 75 km";"10:08:55";"10:08:54.400";"10:08:55";"1";"85";"4:44:53";"85";"4:44:53";"105";"4:44:53";"2026-05-09T17:08:54.3500000";"";""
"725";"Tomas";"Berner";"M";"SWE";"";"Ultra 75 km";"Män";"Ultra 75 km";"10:09:28";"10:09:27.900";"10:09:28";"1";"86";"4:45:26";"86";"4:45:26";"106";"4:45:26";"2026-05-09T17:09:27.8800000";"";""
"642";"Magnus";"Härlin";"M";"SWE";"";"Ultra 75 km";"Män";"Ultra 75 km";"10:09:29";"10:09:28.500";"10:09:29";"1";"87";"4:45:27";"87";"4:45:27";"107";"4:45:27";"2026-05-09T17:09:28.4200000";"";""
"628";"Marc";"Kaeraa";"M";"SWE";"";"Ultra 75 km";"Män";"Ultra 75 km";"10:10:23";"10:10:22.900";"10:10:23";"1";"88";"4:46:21";"88";"4:46:21";"108";"4:46:21";"2026-05-09T17:10:22.8900000";"";""
"767";"Juan";"Davila";"M";"COL";"";"Ultra 75 km";"Män";"Ultra 75 km";"10:12:42";"10:12:41.900";"10:12:42";"1";"89";"4:48:40";"89";"4:48:40";"109";"4:48:40";"2026-05-09T17:12:41.8400000";"";""
"631";"Bjorn";"Skorsdal";"M";"SWE";"";"Ultra 75 km";"Män";"Ultra 75 km";"10:14:03";"10:14:02.300";"10:14:03";"1";"90";"4:50:01";"90";"4:50:01";"110";"4:50:01";"2026-05-09T17:14:02.2600000";"";""
"639";"Henrik";"Aronsson";"M";"SWE";"";"Ultra 75 km";"Män";"Ultra 75 km";"10:16:04";"10:16:03.400";"10:16:04";"1";"91";"4:52:02";"91";"4:52:02";"111";"4:52:02";"2026-05-09T17:16:03.3300000";"";""
"576";"Alexander";"Dickson";"M";"SWE";"";"Ultra 75 km";"Män";"Ultra 75 km";"10:16:57";"10:16:56.200";"10:16:57";"1";"92";"4:52:55";"92";"4:52:55";"112";"4:52:55";"2026-05-09T17:16:56.1500000";"";""
"518";"Marcus";"Sandblom";"M";"SWE";"";"Ultra 75 km";"Män";"Ultra 75 km";"10:16:57";"10:16:56.400";"10:16:57";"1";"93";"4:52:55";"93";"4:52:55";"113";"4:52:55";"2026-05-09T17:16:56.3300000";"";""
"550";"Lowe";"Fareld Krågen";"M";"SWE";"";"Ultra 75 km";"Män";"Ultra 75 km";"10:19:28";"10:19:28.000";"10:19:28";"1";"94";"4:55:27";"94";"4:55:27";"114";"4:55:27";"2026-05-09T17:19:28.0000000";"";""
"605";"Kent";"Andersson";"M";"SWE";"";"Ultra 75 km";"Män";"Ultra 75 km";"10:20:15";"10:20:14.700";"10:20:15";"1";"95";"4:56:13";"95";"4:56:13";"115";"4:56:13";"2026-05-09T17:20:14.6400000";"";""
"597";"Johan";"Hallmén";"M";"SWE";"";"Ultra 75 km";"Män";"Ultra 75 km";"10:20:16";"10:20:15.200";"10:20:16";"1";"96";"4:56:14";"96";"4:56:14";"116";"4:56:14";"2026-05-09T17:20:15.1500000";"";""
"698";"Andreas";"Lundgren";"M";"SWE";"";"Ultra 75 km";"Män";"Ultra 75 km";"10:23:06";"10:23:05.500";"10:23:06";"1";"97";"4:59:04";"97";"4:59:04";"118";"4:59:04";"2026-05-09T17:23:05.4300000";"";""
"530";"Daniel";"Ångman";"M";"SWE";"";"Ultra 75 km";"Män";"Ultra 75 km";"10:23:51";"10:23:50.500";"10:23:51";"1";"98";"4:59:49";"98";"4:59:49";"119";"4:59:49";"2026-05-09T17:23:50.4900000";"";""
"764";"Jan";"Wikström";"M";"SWE";"";"Ultra 75 km";"Män";"Ultra 75 km";"10:24:30";"10:24:29.400";"10:24:30";"1";"99";"5:00:28";"99";"5:00:28";"120";"5:00:28";"2026-05-09T17:24:29.3600000";"";""
"763";"Martin";"Collberg";"M";"SWE";"";"Ultra 75 km";"Män";"Ultra 75 km";"10:24:31";"10:24:30.400";"10:24:31";"1";"100";"5:00:29";"100";"5:00:29";"121";"5:00:29";"2026-05-09T17:24:30.3300000";"";""
"566";"Martin";"Stupak";"M";"SWE";"";"Ultra 75 km";"Män";"Ultra 75 km";"10:25:11";"10:25:10.500";"10:25:11";"1";"101";"5:01:09";"101";"5:01:09";"122";"5:01:09";"2026-05-09T17:25:10.4300000";"";""
"688";"Richard";"Sandblom";"M";"SWE";"";"Ultra 75 km";"Män";"Ultra 75 km";"10:27:33";"10:27:32.800";"10:27:33";"1";"102";"5:03:31";"102";"5:03:31";"124";"5:03:31";"2026-05-09T17:27:32.7500000";"";""
"780";"Jan";"Svennblad";"M";"SWE";"";"Ultra 75 km";"Män";"Ultra 75 km";"10:28:33";"10:28:32.300";"10:28:33";"1";"103";"5:04:31";"103";"5:04:31";"125";"5:04:31";"2026-05-09T17:28:32.3000000";"";""
"636";"Leif";"Karlsson";"M";"SWE";"";"Ultra 75 km";"Män";"Ultra 75 km";"10:28:48";"10:28:47.600";"10:28:48";"1";"104";"5:04:46";"104";"5:04:46";"126";"5:04:46";"2026-05-09T17:28:47.5400000";"";""
"604";"Albert Serra";"Dalmau";"M";"ESP";"";"Ultra 75 km";"Män";"Ultra 75 km";"10:28:59";"10:28:58.900";"10:28:59";"1";"105";"5:04:57";"105";"5:04:57";"127";"5:04:57";"2026-05-09T17:28:58.8300000";"";""
"623";"Mattias";"Gustafsson";"M";"SWE";"";"Ultra 75 km";"Män";"Ultra 75 km";"10:29:13";"10:29:12.100";"10:29:13";"1";"106";"5:05:11";"106";"5:05:11";"128";"5:05:11";"2026-05-09T17:29:12.0600000";"";""
"771";"Mathias";"Luoto";"M";"SWE";"";"Ultra 75 km";"Män";"Ultra 75 km";"10:29:18";"10:29:17.700";"10:29:18";"1";"107";"5:05:16";"107";"5:05:16";"129";"5:05:16";"2026-05-09T17:29:17.7000000";"";""
"591";"Dejan";"Spasenoski";"M";"SWE";"";"Ultra 75 km";"Män";"Ultra 75 km";"10:32:14";"10:32:13.900";"10:32:14";"1";"108";"5:08:12";"108";"5:08:12";"130";"5:08:12";"2026-05-09T17:32:13.8800000";"";""
"729";"Ragnar";"Bergvik";"M";"SWE";"";"Ultra 75 km";"Män";"Ultra 75 km";"10:33:11";"10:33:10.200";"10:33:11";"1";"109";"5:09:09";"109";"5:09:09";"131";"5:09:09";"2026-05-09T17:33:10.1900000";"";""
"677";"Viktor";"Finn";"M";"SWE";"";"Ultra 75 km";"Män";"Ultra 75 km";"10:33:12";"10:33:11.800";"10:33:12";"1";"110";"5:09:10";"110";"5:09:10";"132";"5:09:10";"2026-05-09T17:33:11.7800000";"";""
"541";"Jari";"Orava";"M";"SWE";"";"Ultra 75 km";"Män";"Ultra 75 km";"10:33:55";"10:33:54.300";"10:33:55";"1";"111";"5:09:53";"111";"5:09:53";"134";"5:09:53";"2026-05-09T17:33:54.2200000";"";""
"570";"Patrik";"Olsson";"M";"SWE";"";"Ultra 75 km";"Män";"Ultra 75 km";"10:33:55";"10:33:54.700";"10:33:55";"1";"112";"5:09:53";"112";"5:09:53";"135";"5:09:53";"2026-05-09T17:33:54.6400000";"";""
"655";"Martin";"Guirguis Söderstrand";"M";"SWE";"";"Ultra 75 km";"Män";"Ultra 75 km";"10:36:02";"10:36:01.900";"10:36:02";"1";"113";"5:12:00";"113";"5:12:00";"138";"5:12:00";"2026-05-09T17:36:01.8200000";"";""
"555";"Johan";"Svennung";"M";"SWE";"";"Ultra 75 km";"Män";"Ultra 75 km";"10:39:14";"10:39:13.900";"10:39:14";"1";"114";"5:15:12";"114";"5:15:12";"140";"5:15:12";"2026-05-09T17:39:13.8600000";"";""
"772";"Marcus";"Hallenberg";"M";"SWE";"";"Ultra 75 km";"Män";"Ultra 75 km";"10:39:53";"10:39:52.900";"10:39:53";"1";"115";"5:15:51";"115";"5:15:51";"141";"5:15:51";"2026-05-09T17:39:52.8900000";"";""
"653";"Anders";"Nilsson";"M";"SWE";"";"Ultra 75 km";"Män";"Ultra 75 km";"10:42:36";"10:42:35.200";"10:42:36";"1";"116";"5:18:34";"116";"5:18:34";"143";"5:18:34";"2026-05-09T17:42:35.1200000";"";""
"723";"Jerry";"Bärnsten";"M";"SWE";"";"Ultra 75 km";"Män";"Ultra 75 km";"10:46:26";"10:46:25.500";"10:46:26";"1";"117";"5:22:24";"117";"5:22:24";"144";"5:22:24";"2026-05-09T17:46:25.4100000";"";""
"665";"Johan";"Wagner";"M";"SWE";"";"Ultra 75 km";"Män";"Ultra 75 km";"10:46:26";"10:46:26.000";"10:46:26";"1";"118";"5:22:25";"118";"5:22:25";"145";"5:22:25";"2026-05-09T17:46:25.9500000";"";""
"706";"Fredrik";"Dolff";"M";"SWE";"";"Ultra 75 km";"Män";"Ultra 75 km";"10:47:10";"10:47:09.900";"10:47:10";"1";"119";"5:23:08";"119";"5:23:08";"146";"5:23:08";"2026-05-09T17:47:09.8100000";"";""
"740";"André";"Sahlsten";"M";"SWE";"";"Ultra 75 km";"Män";"Ultra 75 km";"10:49:54";"10:49:53.800";"10:49:54";"1";"120";"5:25:52";"120";"5:25:52";"147";"5:25:52";"2026-05-09T17:49:53.7700000";"";""
"537";"Linus";"Marton";"M";"SWE";"";"Ultra 75 km";"Män";"Ultra 75 km";"10:50:54";"10:50:53.900";"10:50:54";"1";"121";"5:26:52";"121";"5:26:52";"148";"5:26:52";"2026-05-09T17:50:53.8600000";"";""
"695";"Anders";"Josefsson";"M";"SWE";"";"Ultra 75 km";"Män";"Ultra 75 km";"10:53:19";"10:53:18.300";"10:53:19";"1";"122";"5:29:17";"122";"5:29:17";"151";"5:29:17";"2026-05-09T17:53:18.2400000";"";""
"613";"Daniel";"Von Bargen";"M";"SWE";"";"Ultra 75 km";"Män";"Ultra 75 km";"10:53:32";"10:53:31.900";"10:53:32";"1";"123";"5:29:30";"123";"5:29:30";"152";"5:29:30";"2026-05-09T17:53:31.8900000";"";""
"689";"Martin";"Nordlund";"M";"SWE";"";"Ultra 75 km";"Män";"Ultra 75 km";"10:54:03";"10:54:02.900";"10:54:03";"1";"124";"5:30:01";"124";"5:30:01";"153";"5:30:01";"2026-05-09T17:54:02.8700000";"";""
"634";"Simon";"Holm";"M";"SWE";"";"Ultra 75 km";"Män";"Ultra 75 km";"10:55:50";"10:55:49.100";"10:55:50";"1";"125";"5:31:48";"125";"5:31:48";"154";"5:31:48";"2026-05-09T17:55:49.0900000";"";""
"539";"Tommy";"Carlsson";"M";"SWE";"";"Ultra 75 km";"Män";"Ultra 75 km";"11:01:20";"11:01:19.100";"11:01:20";"1";"126";"5:37:18";"126";"5:37:18";"156";"5:37:18";"2026-05-09T18:01:19.0700000";"";""
"742";"Magnus";"Kristiansson";"M";"SWE";"";"Ultra 75 km";"Män";"Ultra 75 km";"11:01:21";"11:01:20.500";"11:01:21";"1";"127";"5:37:19";"127";"5:37:19";"158";"5:37:19";"2026-05-09T18:01:20.4800000";"";""
"758";"Paramath";"Kidsom";"M";"SWE";"";"Ultra 75 km";"Män";"Ultra 75 km";"11:06:12";"11:06:11.900";"11:06:12";"1";"128";"5:42:10";"128";"5:42:10";"159";"5:42:10";"2026-05-09T18:06:11.8800000";"";""
"637";"Mathias";"Nilsson";"M";"SWE";"";"Ultra 75 km";"Män";"Ultra 75 km";"11:08:50";"11:08:49.900";"11:08:50";"1";"129";"5:44:48";"129";"5:44:48";"161";"5:44:48";"2026-05-09T18:08:49.8400000";"";""
"567";"Dennis Vincent";"Wahlqvist";"M";"SWE";"";"Ultra 75 km";"Män";"Ultra 75 km";"11:12:49";"11:12:48.900";"11:12:49";"1";"130";"5:48:47";"130";"5:48:47";"163";"5:48:47";"2026-05-09T18:12:48.8700000";"";""
"703";"Gunnar";"Skaven";"M";"SWE";"";"Ultra 75 km";"Män";"Ultra 75 km";"11:13:19";"11:13:18.400";"11:13:19";"1";"131";"5:49:17";"131";"5:49:17";"164";"5:49:17";"2026-05-09T18:13:18.3800000";"";""
"608";"Fredrik";"Almqvist";"M";"SWE";"";"Ultra 75 km";"Män";"Ultra 75 km";"11:13:36";"11:13:35.800";"11:13:36";"1";"132";"5:49:34";"132";"5:49:34";"165";"5:49:34";"2026-05-09T18:13:35.7200000";"";""
"640";"Tommie";"Heikkinen";"M";"SWE";"";"Ultra 75 km";"Män";"Ultra 75 km";"11:14:17";"11:14:16.900";"11:14:17";"1";"133";"5:50:15";"133";"5:50:15";"166";"5:50:15";"2026-05-09T18:14:16.8600000";"";""
"724";"Tim";"Heikkinen";"M";"SWE";"";"Ultra 75 km";"Män";"Ultra 75 km";"11:14:19";"11:14:18.400";"11:14:19";"1";"134";"5:50:17";"134";"5:50:17";"167";"5:50:17";"2026-05-09T18:14:18.3600000";"";""
"524";"Hjalmar";"Fredin";"M";"SWE";"";"Ultra 75 km";"Män";"Ultra 75 km";"11:15:12";"11:15:11.900";"11:15:12";"1";"135";"5:51:10";"135";"5:51:10";"168";"5:51:10";"2026-05-09T18:15:11.8800000";"";""
"557";"Rickard";"Enfors";"M";"SWE";"";"Ultra 75 km";"Män";"Ultra 75 km";"11:15:43";"11:15:42.900";"11:15:43";"1";"136";"5:51:41";"136";"5:51:41";"169";"5:51:41";"2026-05-09T18:15:42.8100000";"";""
"700";"Kristofer";"Wallmark";"M";"SWE";"";"Ultra 75 km";"Män";"Ultra 75 km";"11:19:34";"11:19:33.300";"11:19:34";"1";"137";"5:55:32";"137";"5:55:32";"171";"5:55:32";"2026-05-09T18:19:33.2300000";"";""
"535";"Anders";"Malm";"M";"SWE";"";"Ultra 75 km";"Män";"Ultra 75 km";"11:25:52";"11:25:51.100";"11:25:52";"1";"138";"6:01:50";"138";"6:01:50";"172";"6:01:50";"2026-05-09T18:25:51.0700000";"";""
"696";"Torben";"Pihl";"M";"SWE";"";"Ultra 75 km";"Män";"Ultra 75 km";"11:26:52";"11:26:51.900";"11:26:52";"1";"139";"6:02:50";"139";"6:02:50";"173";"6:02:50";"2026-05-09T18:26:51.8100000";"";""
"575";"Johan";"Nilsson Hansen";"M";"SWE";"";"Ultra 75 km";"Män";"Ultra 75 km";"11:26:58";"11:26:57.500";"11:26:58";"1";"140";"6:02:56";"140";"6:02:56";"174";"6:02:56";"2026-05-09T18:26:57.4800000";"";""
"552";"Philip";"Ekelund";"M";"SWE";"";"Ultra 75 km";"Män";"Ultra 75 km";"11:30:26";"11:30:25.300";"11:30:26";"1";"141";"6:06:24";"141";"6:06:24";"177";"6:06:24";"2026-05-09T18:30:25.2900000";"";""
"547";"David";"Elebring";"M";"SWE";"";"Ultra 75 km";"Män";"Ultra 75 km";"11:31:03";"11:31:02.300";"11:31:03";"1";"142";"6:07:01";"142";"6:07:01";"179";"6:07:01";"2026-05-09T18:31:02.2800000";"";""
"765";"Pontus";"Uggla";"M";"SWE";"";"Ultra 75 km";"Män";"Ultra 75 km";"11:33:54";"11:33:53.400";"11:33:54";"1";"143";"6:09:52";"143";"6:09:52";"181";"6:09:52";"2026-05-09T18:33:53.3200000";"";""
"584";"Tom";"Dahlström";"M";"SWE";"";"Ultra 75 km";"Män";"Ultra 75 km";"11:33:58";"11:33:57.900";"11:33:58";"1";"144";"6:09:56";"144";"6:09:56";"182";"6:09:56";"2026-05-09T18:33:57.8700000";"";""
"617";"Erik";"Gustafsson";"M";"SWE";"";"Ultra 75 km";"Män";"Ultra 75 km";"11:39:57";"11:39:56.500";"11:39:57";"1";"145";"6:15:55";"145";"6:15:55";"183";"6:15:55";"2026-05-09T18:39:56.5000000";"";""
"525";"Tom";"Lövland";"M";"SWE";"";"Ultra 75 km";"Män";"Ultra 75 km";"11:47:25";"11:47:24.900";"11:47:25";"1";"146";"6:23:23";"146";"6:23:23";"184";"6:23:23";"2026-05-09T18:47:24.9000000";"";""
"606";"Christian";"Persson";"M";"SWE";"";"Ultra 75 km";"Män";"Ultra 75 km";"11:49:28";"11:49:27.900";"11:49:28";"1";"147";"6:25:26";"147";"6:25:26";"185";"6:25:26";"2026-05-09T18:49:27.8700000";"";""
"728";"Johan";"Corneliusson";"M";"SWE";"";"Ultra 75 km";"Män";"Ultra 75 km";"11:50:22";"11:50:21.900";"11:50:22";"1";"148";"6:26:20";"148";"6:26:20";"186";"6:26:20";"2026-05-09T18:50:21.8800000";"";""
"691";"Johan";"Ylläsjärvi";"M";"SWE";"";"Ultra 75 km";"Män";"Ultra 75 km";"11:50:29";"11:50:28.900";"11:50:29";"1";"149";"6:26:27";"149";"6:26:27";"187";"6:26:27";"2026-05-09T18:50:28.8600000";"";""
"574";"Anders";"Rosén";"M";"SWE";"";"Ultra 75 km";"Män";"Ultra 75 km";"11:57:03";"11:57:02.900";"11:57:03";"1";"150";"6:33:01";"150";"6:33:01";"189";"6:33:01";"2026-05-09T18:57:02.8700000";"";""
"516";"Erik";"Lagerwall";"M";"SWE";"";"Ultra 75 km";"Män";"Ultra 75 km";"11:57:10";"11:57:09.900";"11:57:10";"1";"151";"6:33:08";"151";"6:33:08";"190";"6:33:08";"2026-05-09T18:57:09.8900000";"";""
"738";"Martin";"Davidsson";"M";"SWE";"";"Ultra 75 km";"Män";"Ultra 75 km";"11:59:49";"11:59:48.800";"11:59:49";"1";"152";"6:35:47";"152";"6:35:47";"191";"6:35:47";"2026-05-09T18:59:48.7300000";"";""
"671";"John";"Schäfer Lindholtz";"M";"SWE";"";"Ultra 75 km";"Män";"Ultra 75 km";"12:08:31";"12:08:30.800";"12:08:31";"1";"153";"6:44:29";"153";"6:44:29";"192";"6:44:29";"2026-05-09T19:08:30.7300000";"";""
"721";"Jacob";"Schäfer";"M";"SWE";"";"Ultra 75 km";"Män";"Ultra 75 km";"12:08:31";"12:08:30.900";"12:08:31";"1";"154";"6:44:29";"154";"6:44:29";"193";"6:44:29";"2026-05-09T19:08:30.8600000";"";""
"588";"Daniel";"Andersson";"M";"SWE";"";"Ultra 75 km";"Män";"Ultra 75 km";"12:12:09";"12:12:08.900";"12:12:09";"1";"155";"6:48:07";"155";"6:48:07";"194";"6:48:07";"2026-05-09T19:12:08.8700000";"";""
"715";"Andréas";"Kalus";"M";"SWE";"";"Ultra 75 km";"Män";"Ultra 75 km";"12:15:42";"12:15:41.700";"12:15:42";"1";"156";"6:51:40";"156";"6:51:40";"195";"6:51:40";"2026-05-09T19:15:41.6500000";"";""
"546";"Jari";"Gunnarsson";"M";"SWE";"";"Ultra 75 km";"Män";"Ultra 75 km";"12:16:13";"12:16:12.900";"12:16:13";"1";"157";"6:52:11";"157";"6:52:11";"196";"6:52:11";"2026-05-09T19:16:12.8800000";"";""
"515";"Felix";"Mattisson";"M";"SWE";"";"Ultra 75 km";"Män";"Ultra 75 km";"12:32:00";"12:31:59.500";"12:32:00";"1";"158";"7:07:58";"158";"7:07:58";"199";"7:07:58";"2026-05-09T19:31:59.4600000";"";""
"508";"Robert";"Sätterberg";"M";"SWE";"";"Ultra 75 km";"Män";"Ultra 75 km";"12:33:28";"12:33:27.500";"12:33:28";"1";"159";"7:09:26";"159";"7:09:26";"200";"7:09:26";"2026-05-09T19:33:27.4800000";"";""
"621";"Conny";"E Anderberg";"M";"SWE";"";"Ultra 75 km";"Män";"Ultra 75 km";"12:35:19";"12:35:18.900";"12:35:19";"1";"160";"7:11:17";"160";"7:11:17";"201";"7:11:17";"2026-05-09T19:35:18.8600000";"";""
"536";"Antti";"Järvi";"M";"SWE";"";"Ultra 75 km";"Män";"Ultra 75 km";"12:39:38";"12:39:37.900";"12:39:38";"1";"161";"7:15:36";"161";"7:15:36";"202";"7:15:36";"2026-05-09T19:39:37.9000000";"";""
"593";"Cristian";"Valencia";"M";"SWE";"";"Ultra 75 km";"Män";"Ultra 75 km";"12:44:29";"12:44:28.900";"12:44:29";"1";"162";"7:20:27";"162";"7:20:27";"203";"7:20:27";"2026-05-09T19:44:28.8500000";"";""
"678";"Daniel";"Vaziri";"M";"SWE";"";"Ultra 75 km";"Män";"Ultra 75 km";"12:46:08";"12:46:07.900";"12:46:08";"1";"163";"7:22:06";"163";"7:22:06";"205";"7:22:06";"2026-05-09T19:46:07.8700000";"";""
"558";"Johan";"Björck";"M";"SWE";"";"Ultra 75 km";"Män";"Ultra 75 km";"13:09:49";"13:09:48.300";"13:09:49";"1";"164";"7:45:47";"164";"7:45:47";"206";"7:45:47";"2026-05-09T20:09:48.2500000";"";""
"685";"Mikael";"Andersson";"M";"SWE";"";"Ultra 75 km";"Män";"Ultra 75 km";"DNF";"00:00:00.000";"DNF";"1";"165";"";"165";"";"207";"";"";"";""
"580";"Anders";"Dahlgren";"M";"SWE";"";"Ultra 75 km";"Män";"Ultra 75 km";"DNF";"00:00:00.000";"DNF";"1";"166";"";"166";"";"208";"";"";"";""
"672";"Andreas";"Hedberg";"M";"SWE";"";"Ultra 75 km";"Män";"Ultra 75 km";"DNF";"00:00:00.000";"DNF";"1";"167";"";"167";"";"209";"";"";"";""
"741";"Sebastian";"Jensen";"M";"SWE";"";"Ultra 75 km";"Män";"Ultra 75 km";"DNF";"00:00:00.000";"DNF";"1";"168";"";"168";"";"210";"";"";"";""
"554";"Johan";"Keskitalo";"M";"SWE";"";"Ultra 75 km";"Män";"Ultra 75 km";"DNF";"00:00:00.000";"DNF";"1";"169";"";"169";"";"211";"";"";"";""
"662";"Jonas";"Nilsson";"M";"SWE";"";"Ultra 75 km";"Män";"Ultra 75 km";"DNF";"00:00:00.000";"DNF";"1";"170";"";"170";"";"214";"";"";"";""
"657";"Johan";"Sandström";"M";"SWE";"";"Ultra 75 km";"Män";"Ultra 75 km";"DNF";"00:00:00.000";"DNF";"1";"171";"";"171";"";"217";"";"";"";""
"733";"Lars";"Abelius";"M";"SWE";"";"Ultra 75 km";"Män";"Ultra 75 km";"DNS";"00:00:00.000";"DNS";"1";"172";"";"172";"";"220";"";"";"";""
"748";"Andreas";"Alexis";"M";"SWE";"";"Ultra 75 km";"Män";"Ultra 75 km";"DNS";"00:00:00.000";"DNS";"1";"173";"";"173";"";"221";"";"";"";""
"569";"Simon";"Andersson";"M";"SWE";"";"Ultra 75 km";"Män";"Ultra 75 km";"DNS";"00:00:00.000";"DNS";"1";"174";"";"174";"";"223";"";"";"";""
"543";"John";"Armbrecht";"M";"SWE";"";"Ultra 75 km";"Män";"Ultra 75 km";"DNS";"00:00:00.000";"DNS";"1";"175";"";"175";"";"225";"";"";"";""
"686";"Felix";"Berggren";"M";"SWE";"";"Ultra 75 km";"Män";"Ultra 75 km";"DNS";"00:00:00.000";"DNS";"1";"176";"";"176";"";"226";"";"";"";""
"699";"Magnus";"Björk";"M";"SWE";"";"Ultra 75 km";"Män";"Ultra 75 km";"DNS";"00:00:00.000";"DNS";"1";"177";"";"177";"";"227";"";"";"";""
"774";"Simon";"Bloss";"M";"SWE";"";"Ultra 75 km";"Män";"Ultra 75 km";"DNS";"00:00:00.000";"DNS";"1";"178";"";"178";"";"228";"";"";"";""
"620";"Ashley";"Boulton";"M";"GBR";"";"Ultra 75 km";"Män";"Ultra 75 km";"DNS";"00:00:00.000";"DNS";"1";"179";"";"179";"";"229";"";"";"";""
"638";"Pontus";"Byberg";"M";"SWE";"";"Ultra 75 km";"Män";"Ultra 75 km";"DNS";"00:00:00.000";"DNS";"1";"180";"";"180";"";"230";"";"";"";""
"752";"Erik";"Byström";"M";"SWE";"";"Ultra 75 km";"Män";"Ultra 75 km";"DNS";"00:00:00.000";"DNS";"1";"181";"";"181";"";"231";"";"";"";""
"544";"Mikael";"Edvardsson";"M";"SWE";"";"Ultra 75 km";"Män";"Ultra 75 km";"DNS";"00:00:00.000";"DNS";"1";"182";"";"182";"";"232";"";"";"";""
"654";"Christian";"Ericson";"M";"SWE";"";"Ultra 75 km";"Män";"Ultra 75 km";"DNS";"00:00:00.000";"DNS";"1";"183";"";"183";"";"233";"";"";"";""
"506";"Andreas";"Falk";"M";"SWE";"";"Ultra 75 km";"Män";"Ultra 75 km";"DNS";"00:00:00.000";"DNS";"1";"184";"";"184";"";"234";"";"";"";""
"749";"Teddie";"Heikkinen";"M";"SWE";"";"Ultra 75 km";"Män";"Ultra 75 km";"DNS";"00:00:00.000";"DNS";"1";"185";"";"185";"";"236";"";"";"";""
"533";"Eric";"Holmström";"M";"SWE";"";"Ultra 75 km";"Män";"Ultra 75 km";"DNS";"00:00:00.000";"DNS";"1";"186";"";"186";"";"237";"";"";"";""
"598";"Tommy";"Ivarsson";"M";"SWE";"";"Ultra 75 km";"Män";"Ultra 75 km";"DNS";"00:00:00.000";"DNS";"1";"187";"";"187";"";"238";"";"";"";""
"585";"Joakim";"Jakobsson";"M";"SWE";"";"Ultra 75 km";"Män";"Ultra 75 km";"DNS";"00:00:00.000";"DNS";"1";"188";"";"188";"";"240";"";"";"";""
"684";"Amir";"Kadic";"M";"SWE";"";"Ultra 75 km";"Män";"Ultra 75 km";"DNS";"00:00:00.000";"DNS";"1";"189";"";"189";"";"241";"";"";"";""
"519";"Peter";"Karlsson";"M";"SWE";"";"Ultra 75 km";"Män";"Ultra 75 km";"DNS";"12:30:55.400";"DNS";"1";"190";"";"190";"";"243";"";"";"";""
"632";"Adrian";"Kjellberg";"M";"SWE";"";"Ultra 75 km";"Män";"Ultra 75 km";"DNS";"00:00:00.000";"DNS";"1";"191";"";"191";"";"244";"";"";"";""
"743";"Anders";"Kullin";"M";"SWE";"";"Ultra 75 km";"Män";"Ultra 75 km";"DNS";"00:00:00.000";"DNS";"1";"192";"";"192";"";"246";"";"";"";""
"674";"Jonas";"Landgren";"M";"SWE";"";"Ultra 75 km";"Män";"Ultra 75 km";"DNS";"00:00:00.000";"DNS";"1";"193";"";"193";"";"247";"";"";"";""
"611";"Jacob";"Lidman";"M";"SWE";"";"Ultra 75 km";"Män";"Ultra 75 km";"DNS";"00:00:00.000";"DNS";"1";"194";"";"194";"";"248";"";"";"";""
"501";"Tobias";"Liljeborg";"M";"SWE";"";"Ultra 75 km";"Män";"Ultra 75 km";"DNS";"00:00:00.000";"DNS";"1";"195";"";"195";"";"249";"";"";"";""
"673";"Stefan";"Lind";"M";"SWE";"";"Ultra 75 km";"Män";"Ultra 75 km";"DNS";"00:00:00.000";"DNS";"1";"196";"";"196";"";"251";"";"";"";""
"726";"Martin";"Lindahl";"M";"SWE";"";"Ultra 75 km";"Män";"Ultra 75 km";"DNS";"00:00:00.000";"DNS";"1";"197";"";"197";"";"252";"";"";"";""
"704";"Erik";"Lindkvist";"M";"SWE";"";"Ultra 75 km";"Män";"Ultra 75 km";"DNS";"00:00:00.000";"DNS";"1";"198";"";"198";"";"253";"";"";"";""
"553";"Niklas";"Lundgren";"M";"SWE";"";"Ultra 75 km";"Män";"Ultra 75 km";"DNS";"00:00:00.000";"DNS";"1";"199";"";"199";"";"254";"";"";"";""
"756";"Robin";"Murén";"M";"SWE";"";"Ultra 75 km";"Män";"Ultra 75 km";"DNS";"00:00:00.000";"DNS";"1";"200";"";"200";"";"257";"";"";"";""
"572";"Torbjörn";"Nyholm";"M";"SWE";"";"Ultra 75 km";"Män";"Ultra 75 km";"DNS";"00:00:00.000";"DNS";"1";"201";"";"201";"";"259";"";"";"";""
"754";"Fredrik";"Olsson";"M";"SWE";"";"Ultra 75 km";"Män";"Ultra 75 km";"DNS";"00:00:00.000";"DNS";"1";"202";"";"202";"";"260";"";"";"";""
"697";"Joakim";"Olsson";"M";"SWE";"";"Ultra 75 km";"Män";"Ultra 75 km";"DNS";"00:00:00.000";"DNS";"1";"203";"";"203";"";"261";"";"";"";""
"669";"Erik";"Östlund";"M";"SWE";"";"Ultra 75 km";"Män";"Ultra 75 km";"DNS";"00:00:00.000";"DNS";"1";"204";"";"204";"";"262";"";"";"";""
"521";"Jonas";"Rabe";"M";"SWE";"";"Ultra 75 km";"Män";"Ultra 75 km";"DNS";"00:00:00.000";"DNS";"1";"205";"";"205";"";"263";"";"";"";""
"661";"Christian";"Sandberg";"M";"SWE";"";"Ultra 75 km";"Män";"Ultra 75 km";"DNS";"00:00:00.000";"DNS";"1";"206";"";"206";"";"266";"";"";"";""
"663";"Mattias";"Sjöstrand";"M";"SWE";"";"Ultra 75 km";"Män";"Ultra 75 km";"DNS";"00:00:00.000";"DNS";"1";"207";"";"207";"";"267";"";"";"";""
"681";"Karl";"Stenhård";"M";"SWE";"";"Ultra 75 km";"Män";"Ultra 75 km";"DNS";"00:00:00.000";"DNS";"1";"208";"";"208";"";"268";"";"";"";""
"668";"Niklas";"Törnqvist";"M";"SWE";"";"Ultra 75 km";"Män";"Ultra 75 km";"DNS";"00:00:00.000";"DNS";"1";"209";"";"209";"";"270";"";"";"";""
"731";"Jonas";"Wickstrand";"M";"SWE";"";"Ultra 75 km";"Män";"Ultra 75 km";"DNS";"00:00:00.000";"DNS";"1";"210";"";"210";"";"271";"";"";"";""
"556";"Samuel";"Wilck";"M";"SWE";"";"Ultra 75 km";"Män";"Ultra 75 km";"DNS";"00:00:00.000";"DNS";"1";"211";"";"211";"";"272";"";"";"";""
"603";"Anton";"Wilson";"M";"SWE";"";"Ultra 75 km";"Män";"Ultra 75 km";"DNS";"00:00:00.000";"DNS";"1";"212";"";"212";"";"273";"";"";"";""
"651";"Skyler";"Yoshim";"M";"SWE";"";"Ultra 75 km";"Män";"Ultra 75 km";"DNS";"00:00:00.000";"DNS";"1";"213";"";"213";"";"274";"";"";"";""